"action_number","action_id","action_layer_id","title","description","category","level","platform","audience","script_path","script_sha256","hash_policy","public_safe","no_admin_required","no_remediation","mutation","accepted_for_baseline","accepted_for_mutation"
"581","ENDUSER_NETWORK_PACKAGE_READINESS_V1","network-evidence-v1","network package readiness","Existing network-evidence-v1 candidate action 581.","network-evidence","Level 1","windows","end-user","action-layers/windows/end-user/network-evidence-v1/scripts/checks/581-network-package-readiness.ps1","f5300362806f9b372824277a140435aad179898bef81588c31c7f5e31bba5cf8","lf-normalized-sha256","True","True","True","False","False","False"
"582","ENDUSER_NETWORK_ADAPTER_SUMMARY_V1","network-evidence-v1","network adapter summary","Existing network-evidence-v1 candidate action 582.","network-evidence","Level 1","windows","end-user","action-layers/windows/end-user/network-evidence-v1/scripts/checks/582-network-adapter-summary.ps1","d69f94bf3ec8621233ee1c43ce7c97585b4460ea4fb3c6b9515ba5c083cfda75","lf-normalized-sha256","True","True","True","False","False","False"
"583","ENDUSER_NETWORK_CONNECTED_ADAPTER_SUMMARY_V1","network-evidence-v1","network connected adapter summary","Existing network-evidence-v1 candidate action 583.","network-evidence","Level 1","windows","end-user","action-layers/windows/end-user/network-evidence-v1/scripts/checks/583-network-connected-adapter-summary.ps1","cd9002fbda335209a738b02087909785f2f804dc677ec9cc8c2792919b6c825b","lf-normalized-sha256","True","True","True","False","False","False"
"584","ENDUSER_NETWORK_IP_CONFIGURATION_SUMMARY_V1","network-evidence-v1","network ip configuration summary","Existing network-evidence-v1 candidate action 584.","network-evidence","Level 1","windows","end-user","action-layers/windows/end-user/network-evidence-v1/scripts/checks/584-network-ip-configuration-summary.ps1","0f2f79ea2d17a858ecde560e4af35337633141887b69f753a10317eec455debb","lf-normalized-sha256","True","True","True","False","False","False"
"585","ENDUSER_NETWORK_DNS_CLIENT_SUMMARY_V1","network-evidence-v1","network dns client summary","Existing network-evidence-v1 candidate action 585.","network-evidence","Level 1","windows","end-user","action-layers/windows/end-user/network-evidence-v1/scripts/checks/585-network-dns-client-summary.ps1","f44bddd35c527d1fea7e85434d8354c502b7bba30c21ce098279cabfaac36c2e","lf-normalized-sha256","True","True","True","False","False","False"
"586","ENDUSER_NETWORK_DEFAULT_GATEWAY_SUMMARY_V1","network-evidence-v1","network default gateway summary","Existing network-evidence-v1 candidate action 586.","network-evidence","Level 1","windows","end-user","action-layers/windows/end-user/network-evidence-v1/scripts/checks/586-network-default-gateway-summary.ps1","36a140f2f6186fb395a88ca85c98a8c7a45cea9d3a00e51c0d113592d1f6c4a5","lf-normalized-sha256","True","True","True","False","False","False"
"587","ENDUSER_NETWORK_ROUTE_SUMMARY_V1","network-evidence-v1","network route summary","Existing network-evidence-v1 candidate action 587.","network-evidence","Level 1","windows","end-user","action-layers/windows/end-user/network-evidence-v1/scripts/checks/587-network-route-summary.ps1","72ec8273e7d9fc246d5453e960ab5ee5404a17b953b7c0f527bf3a666934f4e7","lf-normalized-sha256","True","True","True","False","False","False"
"588","ENDUSER_NETWORK_INTERFACE_METRIC_SUMMARY_V1","network-evidence-v1","network interface metric summary","Existing network-evidence-v1 candidate action 588.","network-evidence","Level 1","windows","end-user","action-layers/windows/end-user/network-evidence-v1/scripts/checks/588-network-interface-metric-summary.ps1","047bd76bf4739307088f366dc37a0122c4ac3cc4258fa10b6ec0413cd459750c","lf-normalized-sha256","True","True","True","False","False","False"
"589","ENDUSER_NETWORK_PROFILE_SUMMARY_V1","network-evidence-v1","network profile summary","Existing network-evidence-v1 candidate action 589.","network-evidence","Level 1","windows","end-user","action-layers/windows/end-user/network-evidence-v1/scripts/checks/589-network-profile-summary.ps1","039c5342f832194881670fbdcbd47b19127ab38b5a64be4b0d51c0ccbf72e387","lf-normalized-sha256","True","True","True","False","False","False"
"590","ENDUSER_NETWORK_PROXY_SUMMARY_V1","network-evidence-v1","network proxy summary","Existing network-evidence-v1 candidate action 590.","network-evidence","Level 1","windows","end-user","action-layers/windows/end-user/network-evidence-v1/scripts/checks/590-network-proxy-summary.ps1","ccee49e1703bb1465008482f7ac16c126cbf48dfee6b324194f3ad0aad85e641","lf-normalized-sha256","True","True","True","False","False","False"
"591","ENDUSER_NETWORK_VPN_PROFILE_PRESENCE_SUMMARY_V1","network-evidence-v1","network vpn profile presence summary","Existing network-evidence-v1 candidate action 591.","network-evidence","Level 1","windows","end-user","action-layers/windows/end-user/network-evidence-v1/scripts/checks/591-network-vpn-profile-presence-summary.ps1","3ac7504beb7c095075fb11e61f07996b5e46eff485cf5337574d265cbfe34cb7","lf-normalized-sha256","True","True","True","False","False","False"
"592","ENDUSER_NETWORK_WIFI_PROFILE_COUNT_SUMMARY_V1","network-evidence-v1","network wifi profile count summary","Existing network-evidence-v1 candidate action 592.","network-evidence","Level 1","windows","end-user","action-layers/windows/end-user/network-evidence-v1/scripts/checks/592-network-wifi-profile-count-summary.ps1","064636d403ca8e1a532f7345f4222bb6d13a089f1053af37dac950348da1be4c","lf-normalized-sha256","True","True","True","False","False","False"
"593","ENDUSER_NETWORK_DHCP_CLIENT_SERVICE_STATUS_SUMMARY_V1","network-evidence-v1","network dhcp client service status summary","Existing network-evidence-v1 candidate action 593.","network-evidence","Level 1","windows","end-user","action-layers/windows/end-user/network-evidence-v1/scripts/checks/593-network-dhcp-client-service-status-summary.ps1","9297c5b2b81cc1c29f7f82595353bcee9b4b1836171d83e090fdd62b3c0324c0","lf-normalized-sha256","True","True","True","False","False","False"
"594","ENDUSER_NETWORK_DNS_CLIENT_SERVICE_STATUS_SUMMARY_V1","network-evidence-v1","network dns client service status summary","Existing network-evidence-v1 candidate action 594.","network-evidence","Level 1","windows","end-user","action-layers/windows/end-user/network-evidence-v1/scripts/checks/594-network-dns-client-service-status-summary.ps1","ab05762b45a9ac3a54e066353f99d889352c884c2098f86796cc78cf981660ce","lf-normalized-sha256","True","True","True","False","False","False"
"595","ENDUSER_NETWORK_NLA_SERVICE_STATUS_SUMMARY_V1","network-evidence-v1","network nla service status summary","Existing network-evidence-v1 candidate action 595.","network-evidence","Level 1","windows","end-user","action-layers/windows/end-user/network-evidence-v1/scripts/checks/595-network-nla-service-status-summary.ps1","6b23e32dab89c88112b9ab3ad432a225f48bfb375ff585d48541cf616aca8108","lf-normalized-sha256","True","True","True","False","False","False"
"596","ENDUSER_NETWORK_FIREWALL_PROFILE_SUMMARY_V1","network-evidence-v1","network firewall profile summary","Existing network-evidence-v1 candidate action 596.","network-evidence","Level 1","windows","end-user","action-layers/windows/end-user/network-evidence-v1/scripts/checks/596-network-firewall-profile-summary.ps1","5929eeb94d617c040501d75ac9812c61d08fe228abb8737a6f93d14f6886a0dd","lf-normalized-sha256","True","True","True","False","False","False"
"597","ENDUSER_NETWORK_RECENT_DHCP_EVENT_COUNT_SUMMARY_V1","network-evidence-v1","network recent dhcp event count summary","Existing network-evidence-v1 candidate action 597.","network-evidence","Level 1","windows","end-user","action-layers/windows/end-user/network-evidence-v1/scripts/checks/597-network-recent-dhcp-event-count-summary.ps1","d5e817d65a5f52c63b9a7330e5bbc995f9c5a9ecd85b0f3179633e0a6f00d8af","lf-normalized-sha256","True","True","True","False","False","False"
"598","ENDUSER_NETWORK_RECENT_DNS_CLIENT_EVENT_COUNT_SUMMARY_V1","network-evidence-v1","network recent dns client event count summary","Existing network-evidence-v1 candidate action 598.","network-evidence","Level 1","windows","end-user","action-layers/windows/end-user/network-evidence-v1/scripts/checks/598-network-recent-dns-client-event-count-summary.ps1","8fce2a5181c5546c58504289641a2194e534815ad02ac93c5d0110c61a8fd2a9","lf-normalized-sha256","True","True","True","False","False","False"
"599","ENDUSER_NETWORK_CONNECTIVITY_GUIDANCE_PLAN_V1","network-evidence-v1","network connectivity guidance plan","Existing network-evidence-v1 candidate action 599.","network-guidance","Level 1","windows","end-user","action-layers/windows/end-user/network-evidence-v1/scripts/checks/599-network-connectivity-guidance-plan.ps1","1a0907d7499f1fe90d9473574e4d0eed4264bbcdc16ac765df935f16a0fe5fa6","lf-normalized-sha256","True","True","True","False","False","False"
"600","ENDUSER_NETWORK_TICKET_READY_QUESTION_PLAN_V1","network-evidence-v1","ticket ready network question plan","Existing network-evidence-v1 candidate action 600.","network-guidance","Level 1","windows","end-user","action-layers/windows/end-user/network-evidence-v1/scripts/checks/600-ticket-ready-network-question-plan.ps1","131240937360141e66776dfe765965cb0f49ce61deffd0a82c3c356519e6117f","lf-normalized-sha256","True","True","True","False","False","False"
"601","ENDUSER_NETWORK_ADAPTER_DRIVER_CATEGORY_SUMMARY_V1","network-evidence-v1","Network adapter driver category summary","Collects sanitized read-only local evidence for network-adapter-driver-category-summary without raw identifiers, targets, scanning, remediation, or mutation.","network-evidence","Level 1","windows","end-user","action-layers/windows/end-user/network-evidence-v1/scripts/checks/601-network-adapter-driver-category-summary.ps1","42d3abf225bea715a6d9ec2cff5ae13102fc3ca2e2c123f4825d2b70a484dd1a","lf-normalized-sha256","True","True","True","False","False","False"
"602","ENDUSER_NETWORK_ADAPTER_MEDIA_TYPE_SUMMARY_V1","network-evidence-v1","Network adapter media type summary","Collects sanitized read-only local evidence for network-adapter-media-type-summary without raw identifiers, targets, scanning, remediation, or mutation.","network-evidence","Level 1","windows","end-user","action-layers/windows/end-user/network-evidence-v1/scripts/checks/602-network-adapter-media-type-summary.ps1","244f0e7ab1ee348a440bdae18c4ecea801d9e7ba2ec2a209274a37d7f1f67267","lf-normalized-sha256","True","True","True","False","False","False"
"603","ENDUSER_NETWORK_ADAPTER_HARDWARE_VIRTUAL_BALANCE_SUMMARY_V1","network-evidence-v1","Network adapter hardware virtual balance summary","Collects sanitized read-only local evidence for network-adapter-hardware-virtual-balance-summary without raw identifiers, targets, scanning, remediation, or mutation.","network-evidence","Level 1","windows","end-user","action-layers/windows/end-user/network-evidence-v1/scripts/checks/603-network-adapter-hardware-virtual-balance-summary.ps1","91b633bf3cbb39ebf989376cfb6ae887830ee4eb92cccef85ff5fb47c4cdd03d","lf-normalized-sha256","True","True","True","False","False","False"
"604","ENDUSER_NETWORK_ADAPTER_LINK_SPEED_CATEGORY_SUMMARY_V1","network-evidence-v1","Network adapter link speed category summary","Collects sanitized read-only local evidence for network-adapter-link-speed-category-summary without raw identifiers, targets, scanning, remediation, or mutation.","network-evidence","Level 1","windows","end-user","action-layers/windows/end-user/network-evidence-v1/scripts/checks/604-network-adapter-link-speed-category-summary.ps1","1b9d9b365003ceb55e6cecaf7f5cfd53bd61bfe65e346e55669953b5ddafc9a8","lf-normalized-sha256","True","True","True","False","False","False"
"605","ENDUSER_NETWORK_ADAPTER_ADMIN_OPERATIONAL_STATE_SUMMARY_V1","network-evidence-v1","Network adapter admin operational state summary","Collects sanitized read-only local evidence for network-adapter-admin-operational-state-summary without raw identifiers, targets, scanning, remediation, or mutation.","network-evidence","Level 1","windows","end-user","action-layers/windows/end-user/network-evidence-v1/scripts/checks/605-network-adapter-admin-operational-state-summary.ps1","bd4ff465f57f5ccf6f04ae24b55da7721cc147a4c97e4864535699cf600a238d","lf-normalized-sha256","True","True","True","False","False","False"
"606","ENDUSER_NETWORK_ADAPTER_HIDDEN_PRESENCE_SUMMARY_V1","network-evidence-v1","Network adapter hidden presence summary","Collects sanitized read-only local evidence for network-adapter-hidden-presence-summary without raw identifiers, targets, scanning, remediation, or mutation.","network-evidence","Level 1","windows","end-user","action-layers/windows/end-user/network-evidence-v1/scripts/checks/606-network-adapter-hidden-presence-summary.ps1","50e12066e279431b136737f247ecc534a23a20bb070ae000857e172de857b82d","lf-normalized-sha256","True","True","True","False","False","False"
"607","ENDUSER_NETWORK_ADAPTER_LOOPBACK_PRESENCE_SUMMARY_V1","network-evidence-v1","Network adapter loopback presence summary","Collects sanitized read-only local evidence for network-adapter-loopback-presence-summary without raw identifiers, targets, scanning, remediation, or mutation.","network-evidence","Level 1","windows","end-user","action-layers/windows/end-user/network-evidence-v1/scripts/checks/607-network-adapter-loopback-presence-summary.ps1","7399342510b73051171bc299dcbeaf3ac490220d75686dcec04d2f446cfe088a","lf-normalized-sha256","True","True","True","False","False","False"
"608","ENDUSER_NETWORK_ADAPTER_VIRTUALIZATION_PRESENCE_SUMMARY_V1","network-evidence-v1","Network adapter virtualization presence summary","Collects sanitized read-only local evidence for network-adapter-virtualization-presence-summary without raw identifiers, targets, scanning, remediation, or mutation.","network-evidence","Level 1","windows","end-user","action-layers/windows/end-user/network-evidence-v1/scripts/checks/608-network-adapter-virtualization-presence-summary.ps1","32e142db0e80c1855b0e9ea9498aafd2f91e25fae73f3fba6fd4178db75dd30d","lf-normalized-sha256","True","True","True","False","False","False"
"609","ENDUSER_NETWORK_ADAPTER_BLUETOOTH_PRESENCE_SUMMARY_V1","network-evidence-v1","Network adapter bluetooth presence summary","Collects sanitized read-only local evidence for network-adapter-bluetooth-presence-summary without raw identifiers, targets, scanning, remediation, or mutation.","network-evidence","Level 1","windows","end-user","action-layers/windows/end-user/network-evidence-v1/scripts/checks/609-network-adapter-bluetooth-presence-summary.ps1","9eebbbf18771d41639bf13c94c15c4017219be0a3035df3e8596e7bafbd50daf","lf-normalized-sha256","True","True","True","False","False","False"
"610","ENDUSER_NETWORK_ADAPTER_CELLULAR_PRESENCE_SUMMARY_V1","network-evidence-v1","Network adapter cellular presence summary","Collects sanitized read-only local evidence for network-adapter-cellular-presence-summary without raw identifiers, targets, scanning, remediation, or mutation.","network-evidence","Level 1","windows","end-user","action-layers/windows/end-user/network-evidence-v1/scripts/checks/610-network-adapter-cellular-presence-summary.ps1","bfd7f35f8c681996537332057b7ab9cdd370f4026e279fc517560f8e2a87a309","lf-normalized-sha256","True","True","True","False","False","False"
"611","ENDUSER_NETWORK_IPV4_PRESENCE_SUMMARY_V1","network-evidence-v1","Network IPv4 presence summary","Collects sanitized read-only local evidence for network-ipv4-presence-summary without raw identifiers, targets, scanning, remediation, or mutation.","network-evidence","Level 1","windows","end-user","action-layers/windows/end-user/network-evidence-v1/scripts/checks/611-network-ipv4-presence-summary.ps1","7e24def90e626732ada2ecc69af21f289dba2dbab508f25ade23a0be06bc49ac","lf-normalized-sha256","True","True","True","False","False","False"
"612","ENDUSER_NETWORK_IPV6_PRESENCE_SUMMARY_V1","network-evidence-v1","Network IPv6 presence summary","Collects sanitized read-only local evidence for network-ipv6-presence-summary without raw identifiers, targets, scanning, remediation, or mutation.","network-evidence","Level 1","windows","end-user","action-layers/windows/end-user/network-evidence-v1/scripts/checks/612-network-ipv6-presence-summary.ps1","69744b41ee5375aaf5cd22710ff8c7bb9d2f5790c79823e7177dcdcd0999b93b","lf-normalized-sha256","True","True","True","False","False","False"
"613","ENDUSER_NETWORK_DUAL_STACK_PRESENCE_SUMMARY_V1","network-evidence-v1","Network dual stack presence summary","Collects sanitized read-only local evidence for network-dual-stack-presence-summary without raw identifiers, targets, scanning, remediation, or mutation.","network-evidence","Level 1","windows","end-user","action-layers/windows/end-user/network-evidence-v1/scripts/checks/613-network-dual-stack-presence-summary.ps1","0cc3b28ee0c613f5d92d5ee45a0dbccdf5411f4f04db153a1bec9086b78c3b34","lf-normalized-sha256","True","True","True","False","False","False"
"614","ENDUSER_NETWORK_ADDRESS_FAMILY_BALANCE_SUMMARY_V1","network-evidence-v1","Network address family balance summary","Collects sanitized read-only local evidence for network-address-family-balance-summary without raw identifiers, targets, scanning, remediation, or mutation.","network-evidence","Level 1","windows","end-user","action-layers/windows/end-user/network-evidence-v1/scripts/checks/614-network-address-family-balance-summary.ps1","7525f32165e9d1bab753dd297c783ca530d7def6a5dd26f5f9a665b3b03229a1","lf-normalized-sha256","True","True","True","False","False","False"
"615","ENDUSER_NETWORK_LINK_LOCAL_ADDRESS_PRESENCE_SUMMARY_V1","network-evidence-v1","Network link local address presence summary","Collects sanitized read-only local evidence for network-link-local-address-presence-summary without raw identifiers, targets, scanning, remediation, or mutation.","network-evidence","Level 1","windows","end-user","action-layers/windows/end-user/network-evidence-v1/scripts/checks/615-network-link-local-address-presence-summary.ps1","3a5aa4bb92f9e44dab984ebeb03c8eaf6653fecb4910c033c0ba9cf068761b3b","lf-normalized-sha256","True","True","True","False","False","False"
"616","ENDUSER_NETWORK_APIPA_PRESENCE_SUMMARY_V1","network-evidence-v1","Network APIPA presence summary","Collects sanitized read-only local evidence for network-apipa-presence-summary without raw identifiers, targets, scanning, remediation, or mutation.","network-evidence","Level 1","windows","end-user","action-layers/windows/end-user/network-evidence-v1/scripts/checks/616-network-apipa-presence-summary.ps1","4388b40a30f7370f117413386b949ba97e1bb357b0da081de336f0e2b05dd99a","lf-normalized-sha256","True","True","True","False","False","False"
"617","ENDUSER_NETWORK_DHCP_ADDRESSING_PRESENCE_SUMMARY_V1","network-evidence-v1","Network DHCP addressing presence summary","Collects sanitized read-only local evidence for network-dhcp-addressing-presence-summary without raw identifiers, targets, scanning, remediation, or mutation.","network-evidence","Level 1","windows","end-user","action-layers/windows/end-user/network-evidence-v1/scripts/checks/617-network-dhcp-addressing-presence-summary.ps1","e8f1fb14c369d3fad39427a89ae7d4e917847478ba096bf96fd488eee21a0a23","lf-normalized-sha256","True","True","True","False","False","False"
"618","ENDUSER_NETWORK_STATIC_ADDRESSING_PRESENCE_SUMMARY_V1","network-evidence-v1","Network static addressing presence summary","Collects sanitized read-only local evidence for network-static-addressing-presence-summary without raw identifiers, targets, scanning, remediation, or mutation.","network-evidence","Level 1","windows","end-user","action-layers/windows/end-user/network-evidence-v1/scripts/checks/618-network-static-addressing-presence-summary.ps1","12469ae84f7f80c7145c10142859aebef572e5ba1805561d53a8e12ae5163663","lf-normalized-sha256","True","True","True","False","False","False"
"619","ENDUSER_NETWORK_IP_CONFIGURATION_COMPLETENESS_SUMMARY_V1","network-evidence-v1","Network IP configuration completeness summary","Collects sanitized read-only local evidence for network-ip-configuration-completeness-summary without raw identifiers, targets, scanning, remediation, or mutation.","network-evidence","Level 1","windows","end-user","action-layers/windows/end-user/network-evidence-v1/scripts/checks/619-network-ip-configuration-completeness-summary.ps1","93ef7efde0902d48ee56dddb13b97ad1a2cb8e5acba2cebcb3627e8d017633e8","lf-normalized-sha256","True","True","True","False","False","False"
"620","ENDUSER_NETWORK_INTERFACE_ADDRESS_COUNT_CATEGORY_SUMMARY_V1","network-evidence-v1","Network interface address count category summary","Collects sanitized read-only local evidence for network-interface-address-count-category-summary without raw identifiers, targets, scanning, remediation, or mutation.","network-evidence","Level 1","windows","end-user","action-layers/windows/end-user/network-evidence-v1/scripts/checks/620-network-interface-address-count-category-summary.ps1","98999bc614c4191d63f085b67af500ac9a3ff755fcd41181e4e353adb4c44e0e","lf-normalized-sha256","True","True","True","False","False","False"
"621","ENDUSER_NETWORK_DHCP_ENABLED_INTERFACE_SUMMARY_V1","network-evidence-v1","Network DHCP enabled interface summary","Collects sanitized read-only local evidence for network-dhcp-enabled-interface-summary without raw identifiers, targets, scanning, remediation, or mutation.","network-evidence","Level 1","windows","end-user","action-layers/windows/end-user/network-evidence-v1/scripts/checks/621-network-dhcp-enabled-interface-summary.ps1","bbc260457852213087f214b2dc90a63946e3ff6d4f0eb19f26d6727425a2235b","lf-normalized-sha256","True","True","True","False","False","False"
"622","ENDUSER_NETWORK_DHCP_LEASE_PRESENCE_SUMMARY_V1","network-evidence-v1","Network DHCP lease presence summary","Collects sanitized read-only local evidence for network-dhcp-lease-presence-summary without raw identifiers, targets, scanning, remediation, or mutation.","network-evidence","Level 1","windows","end-user","action-layers/windows/end-user/network-evidence-v1/scripts/checks/622-network-dhcp-lease-presence-summary.ps1","90882b46deb91a6633a381c66e03dd5a5d9b2bf1052a417bde0b5d12acb11395","lf-normalized-sha256","True","True","True","False","False","False"
"623","ENDUSER_NETWORK_DHCP_SERVER_PRESENCE_SUMMARY_V1","network-evidence-v1","Network DHCP server presence summary","Collects sanitized read-only local evidence for network-dhcp-server-presence-summary without raw identifiers, targets, scanning, remediation, or mutation.","network-evidence","Level 1","windows","end-user","action-layers/windows/end-user/network-evidence-v1/scripts/checks/623-network-dhcp-server-presence-summary.ps1","5d7b28cc045b290213ae070cc203f90b2bea2dbf2c3906dc3c8a8aa3157c968e","lf-normalized-sha256","True","True","True","False","False","False"
"624","ENDUSER_NETWORK_DHCP_RENEWAL_TIME_CATEGORY_SUMMARY_V1","network-evidence-v1","Network DHCP renewal time category summary","Collects sanitized read-only local evidence for network-dhcp-renewal-time-category-summary without raw identifiers, targets, scanning, remediation, or mutation.","network-evidence","Level 1","windows","end-user","action-layers/windows/end-user/network-evidence-v1/scripts/checks/624-network-dhcp-renewal-time-category-summary.ps1","5d87d1c130b7a612c8f7befb6f46b53fa47c327d5c4e07c0008bf9fbc5a6bb83","lf-normalized-sha256","True","True","True","False","False","False"
"625","ENDUSER_NETWORK_DHCP_LEASE_AGE_CATEGORY_SUMMARY_V1","network-evidence-v1","Network DHCP lease age category summary","Collects sanitized read-only local evidence for network-dhcp-lease-age-category-summary without raw identifiers, targets, scanning, remediation, or mutation.","network-evidence","Level 1","windows","end-user","action-layers/windows/end-user/network-evidence-v1/scripts/checks/625-network-dhcp-lease-age-category-summary.ps1","fa3f195299884380df504429bb11f62775c1894576bb2c4ee990feb354f5fe82","lf-normalized-sha256","True","True","True","False","False","False"
"626","ENDUSER_NETWORK_DHCP_CLIENT_EVENT_WINDOW_SUMMARY_V1","network-evidence-v1","Network DHCP client event window summary","Collects sanitized read-only local evidence for network-dhcp-client-event-window-summary without raw identifiers, targets, scanning, remediation, or mutation.","network-evidence","Level 1","windows","end-user","action-layers/windows/end-user/network-evidence-v1/scripts/checks/626-network-dhcp-client-event-window-summary.ps1","d370fc7e92ff0c14371f59dad84960191b14129e33e1fe41d2c63c369f46109d","lf-normalized-sha256","True","True","True","False","False","False"
"627","ENDUSER_NETWORK_DHCP_WARNING_ERROR_RATIO_SUMMARY_V1","network-evidence-v1","Network DHCP warning error ratio summary","Collects sanitized read-only local evidence for network-dhcp-warning-error-ratio-summary without raw identifiers, targets, scanning, remediation, or mutation.","network-evidence","Level 1","windows","end-user","action-layers/windows/end-user/network-evidence-v1/scripts/checks/627-network-dhcp-warning-error-ratio-summary.ps1","6b207def975834cb660598aef371eef3b5c68773977975c1843778710a9958f5","lf-normalized-sha256","True","True","True","False","False","False"
"628","ENDUSER_NETWORK_DHCP_INTERFACE_STATE_CORRELATION_SUMMARY_V1","network-evidence-v1","Network DHCP interface state correlation summary","Collects sanitized read-only local evidence for network-dhcp-interface-state-correlation-summary without raw identifiers, targets, scanning, remediation, or mutation.","network-evidence","Level 1","windows","end-user","action-layers/windows/end-user/network-evidence-v1/scripts/checks/628-network-dhcp-interface-state-correlation-summary.ps1","9852b9617b79b1ecf7abb293f43ad3436c48fa481b35032e7695c0e56907c68d","lf-normalized-sha256","True","True","True","False","False","False"
"629","ENDUSER_NETWORK_DHCP_SERVICE_START_MODE_SUMMARY_V1","network-evidence-v1","Network DHCP service start mode summary","Collects sanitized read-only local evidence for network-dhcp-service-start-mode-summary without raw identifiers, targets, scanning, remediation, or mutation.","network-evidence","Level 1","windows","end-user","action-layers/windows/end-user/network-evidence-v1/scripts/checks/629-network-dhcp-service-start-mode-summary.ps1","3cfce6bd7e2c144e304e5c85867812db26e9d866de2779c8e0d05e10b5f58030","lf-normalized-sha256","True","True","True","False","False","False"
"630","ENDUSER_NETWORK_DHCP_TICKET_EVIDENCE_SUMMARY_V1","network-evidence-v1","Network DHCP ticket evidence summary","Collects sanitized read-only local evidence for network-dhcp-ticket-evidence-summary without raw identifiers, targets, scanning, remediation, or mutation.","network-evidence","Level 1","windows","end-user","action-layers/windows/end-user/network-evidence-v1/scripts/checks/630-network-dhcp-ticket-evidence-summary.ps1","70f05d71a45840e947bffde096f77650b654c44b87ce8de0e718370039053b37","lf-normalized-sha256","True","True","True","False","False","False"
"631","ENDUSER_NETWORK_DNS_SERVER_COUNT_SUMMARY_V1","network-evidence-v1","Network DNS server count summary","Collects sanitized read-only local evidence for network-dns-server-count-summary without raw identifiers, targets, scanning, remediation, or mutation.","network-evidence","Level 1","windows","end-user","action-layers/windows/end-user/network-evidence-v1/scripts/checks/631-network-dns-server-count-summary.ps1","5ff1fd3113163f7aba5a5f616b96164949f51b46a87ba1ccbee0d4ff93dc929c","lf-normalized-sha256","True","True","True","False","False","False"
"632","ENDUSER_NETWORK_DNS_SERVER_SOURCE_SUMMARY_V1","network-evidence-v1","Network DNS server source summary","Collects sanitized read-only local evidence for network-dns-server-source-summary without raw identifiers, targets, scanning, remediation, or mutation.","network-evidence","Level 1","windows","end-user","action-layers/windows/end-user/network-evidence-v1/scripts/checks/632-network-dns-server-source-summary.ps1","9162c4e9e52d1ad4a6ffa55859a3a1d4dba2664549a0bb5e136d334c8541fe1c","lf-normalized-sha256","True","True","True","False","False","False"
"633","ENDUSER_NETWORK_DNS_INTERFACE_REGISTRATION_SUMMARY_V1","network-evidence-v1","Network DNS interface registration summary","Collects sanitized read-only local evidence for network-dns-interface-registration-summary without raw identifiers, targets, scanning, remediation, or mutation.","network-evidence","Level 1","windows","end-user","action-layers/windows/end-user/network-evidence-v1/scripts/checks/633-network-dns-interface-registration-summary.ps1","0d1ac7c23ac514e9e3acab74eeb0bc79dae469e0cc19098540cc92f8de810a9d","lf-normalized-sha256","True","True","True","False","False","False"
"634","ENDUSER_NETWORK_DNS_SUFFIX_PRESENCE_CATEGORY_SUMMARY_V1","network-evidence-v1","Network DNS suffix presence category summary","Collects sanitized read-only local evidence for network-dns-suffix-presence-category-summary without raw identifiers, targets, scanning, remediation, or mutation.","network-evidence","Level 1","windows","end-user","action-layers/windows/end-user/network-evidence-v1/scripts/checks/634-network-dns-suffix-presence-category-summary.ps1","0a79fef400dde74afb1a1fbf6f7a442f694adb20897cc4580e318b33ca194192","lf-normalized-sha256","True","True","True","False","False","False"
"635","ENDUSER_NETWORK_DNS_SEARCH_LIST_PRESENCE_SUMMARY_V1","network-evidence-v1","Network DNS search list presence summary","Collects sanitized read-only local evidence for network-dns-search-list-presence-summary without raw identifiers, targets, scanning, remediation, or mutation.","network-evidence","Level 1","windows","end-user","action-layers/windows/end-user/network-evidence-v1/scripts/checks/635-network-dns-search-list-presence-summary.ps1","e8dc7d5cd99cb73d503ebd2fc64d50e16cd54d584662d9a7cc10841493331e76","lf-normalized-sha256","True","True","True","False","False","False"
"636","ENDUSER_NETWORK_DNS_CACHE_SIZE_CATEGORY_SUMMARY_V1","network-evidence-v1","Network DNS cache size category summary","Collects sanitized read-only local evidence for network-dns-cache-size-category-summary without raw identifiers, targets, scanning, remediation, or mutation.","network-evidence","Level 1","windows","end-user","action-layers/windows/end-user/network-evidence-v1/scripts/checks/636-network-dns-cache-size-category-summary.ps1","92a938cbb3921f16a53c7bb237b7393e52657ac0727c90e618edeec0efc887c0","lf-normalized-sha256","True","True","True","False","False","False"
"637","ENDUSER_NETWORK_DNS_CACHE_ENTRY_TYPE_SUMMARY_V1","network-evidence-v1","Network DNS cache entry type summary","Collects sanitized read-only local evidence for network-dns-cache-entry-type-summary without raw identifiers, targets, scanning, remediation, or mutation.","network-evidence","Level 1","windows","end-user","action-layers/windows/end-user/network-evidence-v1/scripts/checks/637-network-dns-cache-entry-type-summary.ps1","8d9580a149ed31001eb75b41e44b7683c749d066b3ae412aa05310b87ef0184f","lf-normalized-sha256","True","True","True","False","False","False"
"638","ENDUSER_NETWORK_DNS_CLIENT_EVENT_WINDOW_SUMMARY_V1","network-evidence-v1","Network DNS client event window summary","Collects sanitized read-only local evidence for network-dns-client-event-window-summary without raw identifiers, targets, scanning, remediation, or mutation.","network-evidence","Level 1","windows","end-user","action-layers/windows/end-user/network-evidence-v1/scripts/checks/638-network-dns-client-event-window-summary.ps1","c4af40778bb8394fd586365b6f3ed8fb168621e886218613ad07fde7ea4b5472","lf-normalized-sha256","True","True","True","False","False","False"
"639","ENDUSER_NETWORK_DNS_WARNING_ERROR_RATIO_SUMMARY_V1","network-evidence-v1","Network DNS warning error ratio summary","Collects sanitized read-only local evidence for network-dns-warning-error-ratio-summary without raw identifiers, targets, scanning, remediation, or mutation.","network-evidence","Level 1","windows","end-user","action-layers/windows/end-user/network-evidence-v1/scripts/checks/639-network-dns-warning-error-ratio-summary.ps1","971aa339043f55cb2650137ee74937edfa35305d8f935bbb86247090052f8f63","lf-normalized-sha256","True","True","True","False","False","False"
"640","ENDUSER_NETWORK_DNS_TICKET_EVIDENCE_SUMMARY_V1","network-evidence-v1","Network DNS ticket evidence summary","Collects sanitized read-only local evidence for network-dns-ticket-evidence-summary without raw identifiers, targets, scanning, remediation, or mutation.","network-evidence","Level 1","windows","end-user","action-layers/windows/end-user/network-evidence-v1/scripts/checks/640-network-dns-ticket-evidence-summary.ps1","9c8af3e6df976fa4b6eca0ff5a391f9ea6649e66687b1ce7eeca46574b453d63","lf-normalized-sha256","True","True","True","False","False","False"
"641","ENDUSER_NETWORK_DEFAULT_ROUTE_COUNT_SUMMARY_V1","network-evidence-v1","Network default route count summary","Collects sanitized read-only local evidence for network-default-route-count-summary without raw identifiers, targets, scanning, remediation, or mutation.","network-evidence","Level 1","windows","end-user","action-layers/windows/end-user/network-evidence-v1/scripts/checks/641-network-default-route-count-summary.ps1","e2f6a18773a045d26f56009d49044e382936f03bbff8319136fa0c0ae559b0c8","lf-normalized-sha256","True","True","True","False","False","False"
"642","ENDUSER_NETWORK_MULTIPLE_DEFAULT_ROUTE_PRESENCE_SUMMARY_V1","network-evidence-v1","Network multiple default route presence summary","Collects sanitized read-only local evidence for network-multiple-default-route-presence-summary without raw identifiers, targets, scanning, remediation, or mutation.","network-evidence","Level 1","windows","end-user","action-layers/windows/end-user/network-evidence-v1/scripts/checks/642-network-multiple-default-route-presence-summary.ps1","3c6ede5c78792d4766855bc9c678904af1d73b5513db2332b25804e2fb1e9a31","lf-normalized-sha256","True","True","True","False","False","False"
"643","ENDUSER_NETWORK_ROUTE_FAMILY_DISTRIBUTION_SUMMARY_V1","network-evidence-v1","Network route family distribution summary","Collects sanitized read-only local evidence for network-route-family-distribution-summary without raw identifiers, targets, scanning, remediation, or mutation.","network-evidence","Level 1","windows","end-user","action-layers/windows/end-user/network-evidence-v1/scripts/checks/643-network-route-family-distribution-summary.ps1","4972c4b01d4b4f8c68c373d54f43f4c0206c0dfc945adc310206be24120ebc06","lf-normalized-sha256","True","True","True","False","False","False"
"644","ENDUSER_NETWORK_ROUTE_PROTOCOL_DISTRIBUTION_SUMMARY_V1","network-evidence-v1","Network route protocol distribution summary","Collects sanitized read-only local evidence for network-route-protocol-distribution-summary without raw identifiers, targets, scanning, remediation, or mutation.","network-evidence","Level 1","windows","end-user","action-layers/windows/end-user/network-evidence-v1/scripts/checks/644-network-route-protocol-distribution-summary.ps1","e1219ca3be3bb78c90b53d694d6a26d9f897c053586cde8d7332e42baa7dc6da","lf-normalized-sha256","True","True","True","False","False","False"
"645","ENDUSER_NETWORK_ROUTE_STORE_DISTRIBUTION_SUMMARY_V1","network-evidence-v1","Network route store distribution summary","Collects sanitized read-only local evidence for network-route-store-distribution-summary without raw identifiers, targets, scanning, remediation, or mutation.","network-evidence","Level 1","windows","end-user","action-layers/windows/end-user/network-evidence-v1/scripts/checks/645-network-route-store-distribution-summary.ps1","30f68dd8ad44f3d3845f896abca5ed470ad98721eec04881c889b33db3ecd9fb","lf-normalized-sha256","True","True","True","False","False","False"
"646","ENDUSER_NETWORK_INTERFACE_METRIC_RANGE_CATEGORY_SUMMARY_V1","network-evidence-v1","Network interface metric range category summary","Collects sanitized read-only local evidence for network-interface-metric-range-category-summary without raw identifiers, targets, scanning, remediation, or mutation.","network-evidence","Level 1","windows","end-user","action-layers/windows/end-user/network-evidence-v1/scripts/checks/646-network-interface-metric-range-category-summary.ps1","deebc1d88134bed0dc2606b44e56248fbaabf673867321e4aa06f9945996b867","lf-normalized-sha256","True","True","True","False","False","False"
"647","ENDUSER_NETWORK_LOWEST_METRIC_INTERFACE_CATEGORY_SUMMARY_V1","network-evidence-v1","Network lowest metric interface category summary","Collects sanitized read-only local evidence for network-lowest-metric-interface-category-summary without raw identifiers, targets, scanning, remediation, or mutation.","network-evidence","Level 1","windows","end-user","action-layers/windows/end-user/network-evidence-v1/scripts/checks/647-network-lowest-metric-interface-category-summary.ps1","bac2ac58c8982a7ce9dd43e548854e381774d482bdaedaf3a7fd6a05950005a0","lf-normalized-sha256","True","True","True","False","False","False"
"648","ENDUSER_NETWORK_AUTOMATIC_METRIC_USAGE_SUMMARY_V1","network-evidence-v1","Network automatic metric usage summary","Collects sanitized read-only local evidence for network-automatic-metric-usage-summary without raw identifiers, targets, scanning, remediation, or mutation.","network-evidence","Level 1","windows","end-user","action-layers/windows/end-user/network-evidence-v1/scripts/checks/648-network-automatic-metric-usage-summary.ps1","6ba45e7c956bb31288219a7a7978b9a7d2466129947ed1f75abcfddfa37a3ce5","lf-normalized-sha256","True","True","True","False","False","False"
"649","ENDUSER_NETWORK_ROUTE_GATEWAY_CORRELATION_SUMMARY_V1","network-evidence-v1","Network route gateway correlation summary","Collects sanitized read-only local evidence for network-route-gateway-correlation-summary without raw identifiers, targets, scanning, remediation, or mutation.","network-evidence","Level 1","windows","end-user","action-layers/windows/end-user/network-evidence-v1/scripts/checks/649-network-route-gateway-correlation-summary.ps1","9f84ab1af20f82d8936d2c40fc27cf49ffc009aa7f44dd78a06cfe23bdbb272c","lf-normalized-sha256","True","True","True","False","False","False"
"650","ENDUSER_NETWORK_ROUTING_TICKET_EVIDENCE_SUMMARY_V1","network-evidence-v1","Network routing ticket evidence summary","Collects sanitized read-only local evidence for network-routing-ticket-evidence-summary without raw identifiers, targets, scanning, remediation, or mutation.","network-evidence","Level 1","windows","end-user","action-layers/windows/end-user/network-evidence-v1/scripts/checks/650-network-routing-ticket-evidence-summary.ps1","a232743c9eac5400d9adac120dcd3855c678aab1f6192ec2ed9f37ab0d489ab2","lf-normalized-sha256","True","True","True","False","False","False"
"651","ENDUSER_NETWORK_PROFILE_CATEGORY_DISTRIBUTION_SUMMARY_V1","network-evidence-v1","Network profile category distribution summary","Collects sanitized read-only local evidence for network-profile-category-distribution-summary without raw identifiers, targets, scanning, remediation, or mutation.","network-evidence","Level 1","windows","end-user","action-layers/windows/end-user/network-evidence-v1/scripts/checks/651-network-profile-category-distribution-summary.ps1","496af539ea5612aa6aea33a194837bc54bcbcb00d2ac5cf287350b19771a4d4c","lf-normalized-sha256","True","True","True","False","False","False"
"652","ENDUSER_NETWORK_PROFILE_CONNECTIVITY_STATE_SUMMARY_V1","network-evidence-v1","Network profile connectivity state summary","Collects sanitized read-only local evidence for network-profile-connectivity-state-summary without raw identifiers, targets, scanning, remediation, or mutation.","network-evidence","Level 1","windows","end-user","action-layers/windows/end-user/network-evidence-v1/scripts/checks/652-network-profile-connectivity-state-summary.ps1","4f490de9b3a79a58078e3b71a8f405d44e1a9921c51c2d6ebdd276bfd29bae1a","lf-normalized-sha256","True","True","True","False","False","False"
"653","ENDUSER_NETWORK_PROFILE_IPV4_IPV6_CONNECTIVITY_SUMMARY_V1","network-evidence-v1","Network profile IPv4 IPv6 connectivity summary","Collects sanitized read-only local evidence for network-profile-ipv4-ipv6-connectivity-summary without raw identifiers, targets, scanning, remediation, or mutation.","network-evidence","Level 1","windows","end-user","action-layers/windows/end-user/network-evidence-v1/scripts/checks/653-network-profile-ipv4-ipv6-connectivity-summary.ps1","48d825d8d0e9786b509fcee38c8b81c3ba6a1b835ebd66756927f41e21e2f340","lf-normalized-sha256","True","True","True","False","False","False"
"654","ENDUSER_NETWORK_PROFILE_COUNT_SUMMARY_V1","network-evidence-v1","Network profile count summary","Collects sanitized read-only local evidence for network-profile-count-summary without raw identifiers, targets, scanning, remediation, or mutation.","network-evidence","Level 1","windows","end-user","action-layers/windows/end-user/network-evidence-v1/scripts/checks/654-network-profile-count-summary.ps1","9b1bd1fe563bca62553e0f5861c4782f6e31dc1b854cb4c4a6dcb2865c7b3bfe","lf-normalized-sha256","True","True","True","False","False","False"
"655","ENDUSER_NETWORK_PROFILE_PUBLIC_PRIVATE_DOMAIN_CATEGORY_SUMMARY_V1","network-evidence-v1","Network profile public private domain category summary","Collects sanitized read-only local evidence for network-profile-public-private-domain-category-summary without raw identifiers, targets, scanning, remediation, or mutation.","network-evidence","Level 1","windows","end-user","action-layers/windows/end-user/network-evidence-v1/scripts/checks/655-network-profile-public-private-domain-category-summary.ps1","4279451d39b66316b5876265fc0894b1022aae5ea1d80517771a79613ac6ad03","lf-normalized-sha256","True","True","True","False","False","False"
"656","ENDUSER_NETWORK_NLA_SERVICE_START_MODE_SUMMARY_V1","network-evidence-v1","Network NLA service start mode summary","Collects sanitized read-only local evidence for network-nla-service-start-mode-summary without raw identifiers, targets, scanning, remediation, or mutation.","network-evidence","Level 1","windows","end-user","action-layers/windows/end-user/network-evidence-v1/scripts/checks/656-network-nla-service-start-mode-summary.ps1","8645aa76b1ed8710733846bccefd7639c70bd03920aceeaa06690390eb5e4179","lf-normalized-sha256","True","True","True","False","False","False"
"657","ENDUSER_NETWORK_NLA_EVENT_WINDOW_SUMMARY_V1","network-evidence-v1","Network NLA event window summary","Collects sanitized read-only local evidence for network-nla-event-window-summary without raw identifiers, targets, scanning, remediation, or mutation.","network-evidence","Level 1","windows","end-user","action-layers/windows/end-user/network-evidence-v1/scripts/checks/657-network-nla-event-window-summary.ps1","b7f396532dad29fab6161a08571c6238679904e6dc166ed816e2ae751636f7dc","lf-normalized-sha256","True","True","True","False","False","False"
"658","ENDUSER_NETWORK_NLA_WARNING_ERROR_RATIO_SUMMARY_V1","network-evidence-v1","Network NLA warning error ratio summary","Collects sanitized read-only local evidence for network-nla-warning-error-ratio-summary without raw identifiers, targets, scanning, remediation, or mutation.","network-evidence","Level 1","windows","end-user","action-layers/windows/end-user/network-evidence-v1/scripts/checks/658-network-nla-warning-error-ratio-summary.ps1","202377dd042ab8adbabda006e87543ac07c5ca7cdc49327cabd43be20267c0fd","lf-normalized-sha256","True","True","True","False","False","False"
"659","ENDUSER_NETWORK_PROFILE_TICKET_EVIDENCE_SUMMARY_V1","network-evidence-v1","Network profile ticket evidence summary","Collects sanitized read-only local evidence for network-profile-ticket-evidence-summary without raw identifiers, targets, scanning, remediation, or mutation.","network-evidence","Level 1","windows","end-user","action-layers/windows/end-user/network-evidence-v1/scripts/checks/659-network-profile-ticket-evidence-summary.ps1","a269da281c6fcc8773c0592d21da6c7cdfcfbf1a49348769a7270ac6f1cd8792","lf-normalized-sha256","True","True","True","False","False","False"
"660","ENDUSER_NETWORK_NETWORK_LOCATION_CONSISTENCY_SUMMARY_V1","network-evidence-v1","Network location consistency summary","Collects sanitized read-only local evidence for network-network-location-consistency-summary without raw identifiers, targets, scanning, remediation, or mutation.","network-evidence","Level 1","windows","end-user","action-layers/windows/end-user/network-evidence-v1/scripts/checks/660-network-network-location-consistency-summary.ps1","7a9272e460af6889997fad2adadeef3e9aa0c223ce594b8d225f5cee53b294fe","lf-normalized-sha256","True","True","True","False","False","False"
"661","ENDUSER_NETWORK_FIREWALL_ENABLED_PROFILE_COUNT_SUMMARY_V1","network-evidence-v1","Network firewall enabled profile count summary","Collects sanitized read-only local evidence for network-firewall-enabled-profile-count-summary without raw identifiers, targets, scanning, remediation, or mutation.","network-evidence","Level 1","windows","end-user","action-layers/windows/end-user/network-evidence-v1/scripts/checks/661-network-firewall-enabled-profile-count-summary.ps1","d77b7df6ed60d6d173505a8c202b59ef4e7d6ff559c0757cccdd78f529169ad0","lf-normalized-sha256","True","True","True","False","False","False"
"662","ENDUSER_NETWORK_FIREWALL_DEFAULT_ACTION_SUMMARY_V1","network-evidence-v1","Network firewall default action summary","Collects sanitized read-only local evidence for network-firewall-default-action-summary without raw identifiers, targets, scanning, remediation, or mutation.","network-evidence","Level 1","windows","end-user","action-layers/windows/end-user/network-evidence-v1/scripts/checks/662-network-firewall-default-action-summary.ps1","9d82f08d100f838e7755ca229733c637f69e760c721535def569da6fddb6e878","lf-normalized-sha256","True","True","True","False","False","False"
"663","ENDUSER_NETWORK_FIREWALL_PROFILE_POLICY_STORE_SUMMARY_V1","network-evidence-v1","Network firewall profile policy store summary","Collects sanitized read-only local evidence for network-firewall-profile-policy-store-summary without raw identifiers, targets, scanning, remediation, or mutation.","network-evidence","Level 1","windows","end-user","action-layers/windows/end-user/network-evidence-v1/scripts/checks/663-network-firewall-profile-policy-store-summary.ps1","855e63ad98ae2ad740ece4da71dfa679f9bca44bb6b34bcc97fbbf3e7ba70293","lf-normalized-sha256","True","True","True","False","False","False"
"664","ENDUSER_NETWORK_FIREWALL_LOCAL_RULE_COUNT_CATEGORY_SUMMARY_V1","network-evidence-v1","Network firewall local rule count category summary","Collects sanitized read-only local evidence for network-firewall-local-rule-count-category-summary without raw identifiers, targets, scanning, remediation, or mutation.","network-evidence","Level 1","windows","end-user","action-layers/windows/end-user/network-evidence-v1/scripts/checks/664-network-firewall-local-rule-count-category-summary.ps1","6f7a563783e6767b8d4a57a57575670401b4186176259f323fbc57dfc08a9e40","lf-normalized-sha256","True","True","True","False","False","False"
"665","ENDUSER_NETWORK_FIREWALL_ENABLED_RULE_COUNT_CATEGORY_SUMMARY_V1","network-evidence-v1","Network firewall enabled rule count category summary","Collects sanitized read-only local evidence for network-firewall-enabled-rule-count-category-summary without raw identifiers, targets, scanning, remediation, or mutation.","network-evidence","Level 1","windows","end-user","action-layers/windows/end-user/network-evidence-v1/scripts/checks/665-network-firewall-enabled-rule-count-category-summary.ps1","6321c5a526b7815e7cb59f1010c31f47b3176bc6fd1b566553f8e32a85b250e7","lf-normalized-sha256","True","True","True","False","False","False"
"666","ENDUSER_NETWORK_FIREWALL_BLOCK_ALLOW_BALANCE_SUMMARY_V1","network-evidence-v1","Network firewall block allow balance summary","Collects sanitized read-only local evidence for network-firewall-block-allow-balance-summary without raw identifiers, targets, scanning, remediation, or mutation.","network-evidence","Level 1","windows","end-user","action-layers/windows/end-user/network-evidence-v1/scripts/checks/666-network-firewall-block-allow-balance-summary.ps1","3750fb9379c229a14064eba2e8bb2d30bdfe5c51bd1683eb1b75f427ebc211da","lf-normalized-sha256","True","True","True","False","False","False"
"667","ENDUSER_NETWORK_FIREWALL_PROFILE_EVENT_WINDOW_SUMMARY_V1","network-evidence-v1","Network firewall profile event window summary","Collects sanitized read-only local evidence for network-firewall-profile-event-window-summary without raw identifiers, targets, scanning, remediation, or mutation.","network-evidence","Level 1","windows","end-user","action-layers/windows/end-user/network-evidence-v1/scripts/checks/667-network-firewall-profile-event-window-summary.ps1","28d236c0112ebf3fc1ca3fef012ab28912f85ac065f4ba998b920eda7902ac9e","lf-normalized-sha256","True","True","True","False","False","False"
"668","ENDUSER_NETWORK_FIREWALL_WARNING_ERROR_RATIO_SUMMARY_V1","network-evidence-v1","Network firewall warning error ratio summary","Collects sanitized read-only local evidence for network-firewall-warning-error-ratio-summary without raw identifiers, targets, scanning, remediation, or mutation.","network-evidence","Level 1","windows","end-user","action-layers/windows/end-user/network-evidence-v1/scripts/checks/668-network-firewall-warning-error-ratio-summary.ps1","fc953fac316c4edda529e2753e364fa2404af7c4ac72facff8fb6e673ab2b108","lf-normalized-sha256","True","True","True","False","False","False"
"669","ENDUSER_NETWORK_FIREWALL_TICKET_EVIDENCE_SUMMARY_V1","network-evidence-v1","Network firewall ticket evidence summary","Collects sanitized read-only local evidence for network-firewall-ticket-evidence-summary without raw identifiers, targets, scanning, remediation, or mutation.","network-evidence","Level 1","windows","end-user","action-layers/windows/end-user/network-evidence-v1/scripts/checks/669-network-firewall-ticket-evidence-summary.ps1","9b1722d50e97e41aabc5ac6941f5e6885dcf54d4bb729d9e80fe980b5ea7e7b8","lf-normalized-sha256","True","True","True","False","False","False"
"670","ENDUSER_NETWORK_FIREWALL_READINESS_SUMMARY_V1","network-evidence-v1","Network firewall readiness summary","Collects sanitized read-only local evidence for network-firewall-readiness-summary without raw identifiers, targets, scanning, remediation, or mutation.","network-evidence","Level 1","windows","end-user","action-layers/windows/end-user/network-evidence-v1/scripts/checks/670-network-firewall-readiness-summary.ps1","a252ac0af8cfc7335933503ab5b6fbe0a7b4f8b2bde5292393bb8e0b697b3cd1","lf-normalized-sha256","True","True","True","False","False","False"
"671","ENDUSER_NETWORK_PROXY_ENABLED_PRESENCE_SUMMARY_V1","network-evidence-v1","Network proxy enabled presence summary","Collects sanitized read-only local evidence for network-proxy-enabled-presence-summary without raw identifiers, targets, scanning, remediation, or mutation.","network-evidence","Level 1","windows","end-user","action-layers/windows/end-user/network-evidence-v1/scripts/checks/671-network-proxy-enabled-presence-summary.ps1","c34e55031e0429e48e543c882ce1e30277354252372f9d8361601d6de839d880","lf-normalized-sha256","True","True","True","False","False","False"
"672","ENDUSER_NETWORK_PROXY_AUTO_DETECT_SUMMARY_V1","network-evidence-v1","Network proxy auto detect summary","Collects sanitized read-only local evidence for network-proxy-auto-detect-summary without raw identifiers, targets, scanning, remediation, or mutation.","network-evidence","Level 1","windows","end-user","action-layers/windows/end-user/network-evidence-v1/scripts/checks/672-network-proxy-auto-detect-summary.ps1","602e5dec57bd0f672e5760eb1e97e9c249ad1d88e2b22068ebbdecefda80f345","lf-normalized-sha256","True","True","True","False","False","False"
"673","ENDUSER_NETWORK_PROXY_AUTO_CONFIG_PRESENCE_SUMMARY_V1","network-evidence-v1","Network proxy auto config presence summary","Collects sanitized read-only local evidence for network-proxy-auto-config-presence-summary without raw identifiers, targets, scanning, remediation, or mutation.","network-evidence","Level 1","windows","end-user","action-layers/windows/end-user/network-evidence-v1/scripts/checks/673-network-proxy-auto-config-presence-summary.ps1","85282b72fabc62df735fc5ef863c1c60ee03dbc2ef223246d8f56024925ab9c7","lf-normalized-sha256","True","True","True","False","False","False"
"674","ENDUSER_NETWORK_WINHTTP_PROXY_PRESENCE_SUMMARY_V1","network-evidence-v1","Network WinHTTP proxy presence summary","Collects sanitized read-only local evidence for network-winhttp-proxy-presence-summary without raw identifiers, targets, scanning, remediation, or mutation.","network-evidence","Level 1","windows","end-user","action-layers/windows/end-user/network-evidence-v1/scripts/checks/674-network-winhttp-proxy-presence-summary.ps1","af7a62cf234efa929e9ec1c379906a18ef1a810e560e8963197265d903e1a3c9","lf-normalized-sha256","True","True","True","False","False","False"
"675","ENDUSER_NETWORK_USER_PROXY_VS_WINHTTP_SUMMARY_V1","network-evidence-v1","Network user proxy versus WinHTTP summary","Collects sanitized read-only local evidence for network-user-proxy-vs-winhttp-summary without raw identifiers, targets, scanning, remediation, or mutation.","network-evidence","Level 1","windows","end-user","action-layers/windows/end-user/network-evidence-v1/scripts/checks/675-network-user-proxy-vs-winhttp-summary.ps1","6c503fba17edaa482c31b67b65cdef4a2768296f408b760edcdaa508275eec87","lf-normalized-sha256","True","True","True","False","False","False"
"676","ENDUSER_NETWORK_PROXY_BYPASS_PRESENCE_SUMMARY_V1","network-evidence-v1","Network proxy bypass presence summary","Collects sanitized read-only local evidence for network-proxy-bypass-presence-summary without raw identifiers, targets, scanning, remediation, or mutation.","network-evidence","Level 1","windows","end-user","action-layers/windows/end-user/network-evidence-v1/scripts/checks/676-network-proxy-bypass-presence-summary.ps1","602ac0d8a2145511a3779be5439465c63e933e21668bf40d6906d39f4607ad76","lf-normalized-sha256","True","True","True","False","False","False"
"677","ENDUSER_NETWORK_PROXY_SETTING_COMPLETENESS_SUMMARY_V1","network-evidence-v1","Network proxy setting completeness summary","Collects sanitized read-only local evidence for network-proxy-setting-completeness-summary without raw identifiers, targets, scanning, remediation, or mutation.","network-evidence","Level 1","windows","end-user","action-layers/windows/end-user/network-evidence-v1/scripts/checks/677-network-proxy-setting-completeness-summary.ps1","96696e8c0460cd76bfcbbb7b506b97e657b55e9b5f74624b3adaf0d4b68b6c60","lf-normalized-sha256","True","True","True","False","False","False"
"678","ENDUSER_NETWORK_PROXY_TICKET_EVIDENCE_SUMMARY_V1","network-evidence-v1","Network proxy ticket evidence summary","Collects sanitized read-only local evidence for network-proxy-ticket-evidence-summary without raw identifiers, targets, scanning, remediation, or mutation.","network-evidence","Level 1","windows","end-user","action-layers/windows/end-user/network-evidence-v1/scripts/checks/678-network-proxy-ticket-evidence-summary.ps1","40ace8d00860112da74e2046c00e15443456e65e78dda12d3307bc5d0c8a1426","lf-normalized-sha256","True","True","True","False","False","False"
"679","ENDUSER_NETWORK_WEB_CLIENT_SERVICE_STATUS_SUMMARY_V1","network-evidence-v1","Network web client service status summary","Collects sanitized read-only local evidence for network-web-client-service-status-summary without raw identifiers, targets, scanning, remediation, or mutation.","network-evidence","Level 1","windows","end-user","action-layers/windows/end-user/network-evidence-v1/scripts/checks/679-network-web-client-service-status-summary.ps1","c71956cc116ae25ac637a3e1985c410f1662ce857be954459a1b1d5b90c330f4","lf-normalized-sha256","True","True","True","False","False","False"
"680","ENDUSER_NETWORK_WEB_PROXY_RISK_CATEGORY_SUMMARY_V1","network-evidence-v1","Network web proxy risk category summary","Collects sanitized read-only local evidence for network-web-proxy-risk-category-summary without raw identifiers, targets, scanning, remediation, or mutation.","network-evidence","Level 1","windows","end-user","action-layers/windows/end-user/network-evidence-v1/scripts/checks/680-network-web-proxy-risk-category-summary.ps1","6aad6346c5d5cf996da720058d977865e68a903a41fa5a3a5d699bbccc688b53","lf-normalized-sha256","True","True","True","False","False","False"
"681","ENDUSER_NETWORK_WIFI_ADAPTER_PRESENCE_SUMMARY_V1","network-evidence-v1","Network Wi-Fi adapter presence summary","Collects sanitized read-only local evidence for network-wifi-adapter-presence-summary without raw identifiers, targets, scanning, remediation, or mutation.","network-evidence","Level 1","windows","end-user","action-layers/windows/end-user/network-evidence-v1/scripts/checks/681-network-wifi-adapter-presence-summary.ps1","3ec75b1d2bd24befd408019124f895226d61af3273fad0b4b82ded2982ea84c0","lf-normalized-sha256","True","True","True","False","False","False"
"682","ENDUSER_NETWORK_WIFI_PROFILE_VOLUME_CATEGORY_SUMMARY_V1","network-evidence-v1","Network Wi-Fi profile volume category summary","Collects sanitized read-only local evidence for network-wifi-profile-volume-category-summary without raw identifiers, targets, scanning, remediation, or mutation.","network-evidence","Level 1","windows","end-user","action-layers/windows/end-user/network-evidence-v1/scripts/checks/682-network-wifi-profile-volume-category-summary.ps1","4e658508fd96e061ae6976ba03e3a367be4c26cf1076e28826e6f83b1e320406","lf-normalized-sha256","True","True","True","False","False","False"
"683","ENDUSER_NETWORK_WIFI_CURRENT_CONNECTION_PRESENCE_SUMMARY_V1","network-evidence-v1","Network Wi-Fi current connection presence summary","Collects sanitized read-only local evidence for network-wifi-current-connection-presence-summary without raw identifiers, targets, scanning, remediation, or mutation.","network-evidence","Level 1","windows","end-user","action-layers/windows/end-user/network-evidence-v1/scripts/checks/683-network-wifi-current-connection-presence-summary.ps1","eb8cb2b5d59680dfd4e009fe2b7a18a9f11e680fa9a45abdcd932e16887f666f","lf-normalized-sha256","True","True","True","False","False","False"
"684","ENDUSER_NETWORK_WIFI_AUTHENTICATION_CATEGORY_SUMMARY_V1","network-evidence-v1","Network Wi-Fi authentication category summary","Collects sanitized read-only local evidence for network-wifi-authentication-category-summary without raw identifiers, targets, scanning, remediation, or mutation.","network-evidence","Level 1","windows","end-user","action-layers/windows/end-user/network-evidence-v1/scripts/checks/684-network-wifi-authentication-category-summary.ps1","6e2fc4ec3c132550b7a83e1fb1618914c6874790b7c4fe901aa91ac8bf683df4","lf-normalized-sha256","True","True","True","False","False","False"
"685","ENDUSER_NETWORK_WIFI_ENCRYPTION_CATEGORY_SUMMARY_V1","network-evidence-v1","Network Wi-Fi encryption category summary","Collects sanitized read-only local evidence for network-wifi-encryption-category-summary without raw identifiers, targets, scanning, remediation, or mutation.","network-evidence","Level 1","windows","end-user","action-layers/windows/end-user/network-evidence-v1/scripts/checks/685-network-wifi-encryption-category-summary.ps1","04cd7c312a9e2cab972c746a7a13b61da1db24576fa9a430d4c03ab037b83469","lf-normalized-sha256","True","True","True","False","False","False"
"686","ENDUSER_NETWORK_WIFI_SIGNAL_CATEGORY_SUMMARY_V1","network-evidence-v1","Network Wi-Fi signal category summary","Collects sanitized read-only local evidence for network-wifi-signal-category-summary without raw identifiers, targets, scanning, remediation, or mutation.","network-evidence","Level 1","windows","end-user","action-layers/windows/end-user/network-evidence-v1/scripts/checks/686-network-wifi-signal-category-summary.ps1","75d227b525f8ef6a01d572d2bcf5e19cb3fd8579b929257022078836f5d968dd","lf-normalized-sha256","True","True","True","False","False","False"
"687","ENDUSER_NETWORK_WIFI_RADIO_STATUS_SUMMARY_V1","network-evidence-v1","Network Wi-Fi radio status summary","Collects sanitized read-only local evidence for network-wifi-radio-status-summary without raw identifiers, targets, scanning, remediation, or mutation.","network-evidence","Level 1","windows","end-user","action-layers/windows/end-user/network-evidence-v1/scripts/checks/687-network-wifi-radio-status-summary.ps1","8861d1bef78d87ce8042c514922b3387e92b1e3638ef652f1f896a4a936288a3","lf-normalized-sha256","True","True","True","False","False","False"
"688","ENDUSER_NETWORK_WIFI_INTERFACE_STATE_SUMMARY_V1","network-evidence-v1","Network Wi-Fi interface state summary","Collects sanitized read-only local evidence for network-wifi-interface-state-summary without raw identifiers, targets, scanning, remediation, or mutation.","network-evidence","Level 1","windows","end-user","action-layers/windows/end-user/network-evidence-v1/scripts/checks/688-network-wifi-interface-state-summary.ps1","0dd4dd4daace6d4cbbf5f8bc374f303fd1ceb22c4c2b5bf840fa0d9f540cda7b","lf-normalized-sha256","True","True","True","False","False","False"
"689","ENDUSER_NETWORK_WIFI_EVENT_WINDOW_SUMMARY_V1","network-evidence-v1","Network Wi-Fi event window summary","Collects sanitized read-only local evidence for network-wifi-event-window-summary without raw identifiers, targets, scanning, remediation, or mutation.","network-evidence","Level 1","windows","end-user","action-layers/windows/end-user/network-evidence-v1/scripts/checks/689-network-wifi-event-window-summary.ps1","81ad90857e68f7c7f4b68e56e63c379e1ea50bdb1cf0a0a86d55f01224514520","lf-normalized-sha256","True","True","True","False","False","False"
"690","ENDUSER_NETWORK_WIFI_TICKET_EVIDENCE_SUMMARY_V1","network-evidence-v1","Network Wi-Fi ticket evidence summary","Collects sanitized read-only local evidence for network-wifi-ticket-evidence-summary without raw identifiers, targets, scanning, remediation, or mutation.","network-evidence","Level 1","windows","end-user","action-layers/windows/end-user/network-evidence-v1/scripts/checks/690-network-wifi-ticket-evidence-summary.ps1","81f469c481896ea0a59d1595fa28d5bb10eaa9e5be534979f3eb8570dce3cd63","lf-normalized-sha256","True","True","True","False","False","False"
"691","ENDUSER_NETWORK_VPN_PROFILE_COUNT_CATEGORY_SUMMARY_V1","network-evidence-v1","Network VPN profile count category summary","Collects sanitized read-only local evidence for network-vpn-profile-count-category-summary without raw identifiers, targets, scanning, remediation, or mutation.","network-evidence","Level 1","windows","end-user","action-layers/windows/end-user/network-evidence-v1/scripts/checks/691-network-vpn-profile-count-category-summary.ps1","e1666db7f3a5ff8bf9e36ef1092a2911a3a1dc9565a7841593bcc472a9e69b19","lf-normalized-sha256","True","True","True","False","False","False"
"692","ENDUSER_NETWORK_VPN_CONNECTED_PRESENCE_SUMMARY_V1","network-evidence-v1","Network VPN connected presence summary","Collects sanitized read-only local evidence for network-vpn-connected-presence-summary without raw identifiers, targets, scanning, remediation, or mutation.","network-evidence","Level 1","windows","end-user","action-layers/windows/end-user/network-evidence-v1/scripts/checks/692-network-vpn-connected-presence-summary.ps1","1f33ab0166b837a70281b416f8246b9ed82ecbc72e8af6718f83d0af354577e4","lf-normalized-sha256","True","True","True","False","False","False"
"693","ENDUSER_NETWORK_VPN_SPLIT_TUNNEL_PRESENCE_SUMMARY_V1","network-evidence-v1","Network VPN split tunnel presence summary","Collects sanitized read-only local evidence for network-vpn-split-tunnel-presence-summary without raw identifiers, targets, scanning, remediation, or mutation.","network-evidence","Level 1","windows","end-user","action-layers/windows/end-user/network-evidence-v1/scripts/checks/693-network-vpn-split-tunnel-presence-summary.ps1","0dc24d0277b8e1119d001400944a732c270946fb952ea931b5948ae51061ce87","lf-normalized-sha256","True","True","True","False","False","False"
"694","ENDUSER_NETWORK_VPN_SAVED_AUTH_PRESENCE_SUMMARY_V1","network-evidence-v1","Network VPN saved authentication presence summary","Collects sanitized read-only local evidence for network-vpn-saved-auth-presence-summary without raw identifiers, targets, scanning, remediation, or mutation.","network-evidence","Level 1","windows","end-user","action-layers/windows/end-user/network-evidence-v1/scripts/checks/694-network-vpn-saved-auth-presence-summary.ps1","acebb0cd936b3b86451a91217ced136bf382e280617bdc613c724096b13cd756","lf-normalized-sha256","True","True","True","False","False","False"
"695","ENDUSER_NETWORK_VPN_PROTOCOL_CATEGORY_SUMMARY_V1","network-evidence-v1","Network VPN protocol category summary","Collects sanitized read-only local evidence for network-vpn-protocol-category-summary without raw identifiers, targets, scanning, remediation, or mutation.","network-evidence","Level 1","windows","end-user","action-layers/windows/end-user/network-evidence-v1/scripts/checks/695-network-vpn-protocol-category-summary.ps1","30af765e1ad0685e527adbb5062f3331ee5f4dc7574530866f121a6b29ba7835","lf-normalized-sha256","True","True","True","False","False","False"
"696","ENDUSER_NETWORK_VPN_ALWAYS_ON_PRESENCE_SUMMARY_V1","network-evidence-v1","Network VPN always-on presence summary","Collects sanitized read-only local evidence for network-vpn-always-on-presence-summary without raw identifiers, targets, scanning, remediation, or mutation.","network-evidence","Level 1","windows","end-user","action-layers/windows/end-user/network-evidence-v1/scripts/checks/696-network-vpn-always-on-presence-summary.ps1","8041a2d65b4ac1ac7cbbc01945bd8fd004827c2fe821e939fed94bed907345e1","lf-normalized-sha256","True","True","True","False","False","False"
"697","ENDUSER_NETWORK_VPN_EVENT_WINDOW_SUMMARY_V1","network-evidence-v1","Network VPN event window summary","Collects sanitized read-only local evidence for network-vpn-event-window-summary without raw identifiers, targets, scanning, remediation, or mutation.","network-evidence","Level 1","windows","end-user","action-layers/windows/end-user/network-evidence-v1/scripts/checks/697-network-vpn-event-window-summary.ps1","dffb6e1dca4d743efd7bb55d6e87b37812d873c906ecc7595f431f0801b82460","lf-normalized-sha256","True","True","True","False","False","False"
"698","ENDUSER_NETWORK_VPN_WARNING_ERROR_RATIO_SUMMARY_V1","network-evidence-v1","Network VPN warning error ratio summary","Collects sanitized read-only local evidence for network-vpn-warning-error-ratio-summary without raw identifiers, targets, scanning, remediation, or mutation.","network-evidence","Level 1","windows","end-user","action-layers/windows/end-user/network-evidence-v1/scripts/checks/698-network-vpn-warning-error-ratio-summary.ps1","cd60b8c54ad1168c4c58d7f6eed0d7b516fe8b52f8cd236e2d54867325d75d7a","lf-normalized-sha256","True","True","True","False","False","False"
"699","ENDUSER_NETWORK_VPN_TICKET_EVIDENCE_SUMMARY_V1","network-evidence-v1","Network VPN ticket evidence summary","Collects sanitized read-only local evidence for network-vpn-ticket-evidence-summary without raw identifiers, targets, scanning, remediation, or mutation.","network-evidence","Level 1","windows","end-user","action-layers/windows/end-user/network-evidence-v1/scripts/checks/699-network-vpn-ticket-evidence-summary.ps1","b515345bedc314267f92eec824cc967bffe244d29cc105ba81bef1874ee5a54c","lf-normalized-sha256","True","True","True","False","False","False"
"700","ENDUSER_NETWORK_EVIDENCE_EXPANDED_PACKAGE_READINESS_SUMMARY_V1","network-evidence-v1","Network evidence expanded package readiness summary","Collects sanitized read-only local evidence for network-evidence-expanded-package-readiness-summary without raw identifiers, targets, scanning, remediation, or mutation.","network-evidence","Level 1","windows","end-user","action-layers/windows/end-user/network-evidence-v1/scripts/checks/700-network-evidence-expanded-package-readiness-summary.ps1","1475fb8ec054409e58c7a844e29c9d643dc7922e72573ff00a2aab01804f1c94","lf-normalized-sha256","True","True","True","False","False","False"