"action_id","title","action_layer","script_path","platform","audience","tier","status","mutation_capable","requires_admin","stores_credentials","stores_target_inventory","evidence","issue_area","action_type"
"STORAGE_PURE_PURE_PACKAGE_READINESS_PRESENCE_SUMMARY_V1","Pure Package Readiness Presence Summary","pure-storage-enterprise-evidence-v1","action-layers/windows/storage-admin/pure-storage-enterprise-evidence-v1/scripts/checks/2351-pure-package-readiness-presence-summary.ps1","windows","storage-admin","Level 3","candidate","False","True","False","False","safe sanitized evidence only","pure-storage-enterprise-evidence-v1","evidence"
"STORAGE_PURE_PURE_PACKAGE_READINESS_STATUS_SUMMARY_V1","Pure Package Readiness Status Summary","pure-storage-enterprise-evidence-v1","action-layers/windows/storage-admin/pure-storage-enterprise-evidence-v1/scripts/checks/2352-pure-package-readiness-status-summary.ps1","windows","storage-admin","Level 3","candidate","False","True","False","False","safe sanitized evidence only","pure-storage-enterprise-evidence-v1","evidence"
"STORAGE_PURE_PURE_PACKAGE_READINESS_CONFIGURATION_SUMMARY_V1","Pure Package Readiness Configuration Summary","pure-storage-enterprise-evidence-v1","action-layers/windows/storage-admin/pure-storage-enterprise-evidence-v1/scripts/checks/2353-pure-package-readiness-configuration-summary.ps1","windows","storage-admin","Level 3","candidate","False","True","False","False","safe sanitized evidence only","pure-storage-enterprise-evidence-v1","evidence"
"STORAGE_PURE_PURE_PACKAGE_READINESS_COUNT_SUMMARY_V1","Pure Package Readiness Count Summary","pure-storage-enterprise-evidence-v1","action-layers/windows/storage-admin/pure-storage-enterprise-evidence-v1/scripts/checks/2354-pure-package-readiness-count-summary.ps1","windows","storage-admin","Level 3","candidate","False","True","False","False","safe sanitized evidence only","pure-storage-enterprise-evidence-v1","evidence"
"STORAGE_PURE_PURE_PACKAGE_READINESS_RISK_CATEGORY_SUMMARY_V1","Pure Package Readiness Risk Category Summary","pure-storage-enterprise-evidence-v1","action-layers/windows/storage-admin/pure-storage-enterprise-evidence-v1/scripts/checks/2355-pure-package-readiness-risk-category-summary.ps1","windows","storage-admin","Level 3","candidate","False","True","False","False","safe sanitized evidence only","pure-storage-enterprise-evidence-v1","evidence"
"STORAGE_PURE_PURE_PACKAGE_READINESS_EVENT_COUNT_24H_V1","Pure Package Readiness Event Count 24h","pure-storage-enterprise-evidence-v1","action-layers/windows/storage-admin/pure-storage-enterprise-evidence-v1/scripts/checks/2356-pure-package-readiness-event-count-24h.ps1","windows","storage-admin","Level 3","candidate","False","True","False","False","safe sanitized evidence only","pure-storage-enterprise-evidence-v1","evidence"
"STORAGE_PURE_PURE_PACKAGE_READINESS_EVENT_COUNT_7D_V1","Pure Package Readiness Event Count 7d","pure-storage-enterprise-evidence-v1","action-layers/windows/storage-admin/pure-storage-enterprise-evidence-v1/scripts/checks/2357-pure-package-readiness-event-count-7d.ps1","windows","storage-admin","Level 3","candidate","False","True","False","False","safe sanitized evidence only","pure-storage-enterprise-evidence-v1","evidence"
"STORAGE_PURE_PURE_PACKAGE_READINESS_GUIDANCE_PLAN_V1","Pure Package Readiness Guidance Plan","pure-storage-enterprise-evidence-v1","action-layers/windows/storage-admin/pure-storage-enterprise-evidence-v1/scripts/checks/2358-pure-package-readiness-guidance-plan.ps1","windows","storage-admin","Level 3","candidate","False","True","False","False","safe sanitized evidence only","pure-storage-enterprise-evidence-v1","evidence"
"STORAGE_PURE_PURE_PACKAGE_READINESS_QUESTION_PLAN_V1","Pure Package Readiness Question Plan","pure-storage-enterprise-evidence-v1","action-layers/windows/storage-admin/pure-storage-enterprise-evidence-v1/scripts/checks/2359-pure-package-readiness-question-plan.ps1","windows","storage-admin","Level 3","candidate","False","True","False","False","safe sanitized evidence only","pure-storage-enterprise-evidence-v1","evidence"
"STORAGE_PURE_PURE_PACKAGE_READINESS_RUNNER_SUMMARY_V1","Pure Package Readiness Runner Summary","pure-storage-enterprise-evidence-v1","action-layers/windows/storage-admin/pure-storage-enterprise-evidence-v1/scripts/checks/2360-pure-package-readiness-runner-summary.ps1","windows","storage-admin","Level 3","candidate","False","True","False","False","safe sanitized evidence only","pure-storage-enterprise-evidence-v1","evidence"
"STORAGE_PURE_FLASHARRAY_POWERSHELL_SDK_PRESENCE_SUMMARY_V1","FlashArray Powershell Sdk Presence Summary","pure-storage-enterprise-evidence-v1","action-layers/windows/storage-admin/pure-storage-enterprise-evidence-v1/scripts/checks/2361-flasharray-powershell-sdk-presence-summary.ps1","windows","storage-admin","Level 3","candidate","False","True","False","False","safe sanitized evidence only","pure-storage-enterprise-evidence-v1","evidence"
"STORAGE_PURE_FLASHARRAY_POWERSHELL_SDK_STATUS_SUMMARY_V1","FlashArray Powershell Sdk Status Summary","pure-storage-enterprise-evidence-v1","action-layers/windows/storage-admin/pure-storage-enterprise-evidence-v1/scripts/checks/2362-flasharray-powershell-sdk-status-summary.ps1","windows","storage-admin","Level 3","candidate","False","True","False","False","safe sanitized evidence only","pure-storage-enterprise-evidence-v1","evidence"
"STORAGE_PURE_FLASHARRAY_POWERSHELL_SDK_CONFIGURATION_SUMMARY_V1","FlashArray Powershell Sdk Configuration Summary","pure-storage-enterprise-evidence-v1","action-layers/windows/storage-admin/pure-storage-enterprise-evidence-v1/scripts/checks/2363-flasharray-powershell-sdk-configuration-summary.ps1","windows","storage-admin","Level 3","candidate","False","True","False","False","safe sanitized evidence only","pure-storage-enterprise-evidence-v1","evidence"
"STORAGE_PURE_FLASHARRAY_POWERSHELL_SDK_COUNT_SUMMARY_V1","FlashArray Powershell Sdk Count Summary","pure-storage-enterprise-evidence-v1","action-layers/windows/storage-admin/pure-storage-enterprise-evidence-v1/scripts/checks/2364-flasharray-powershell-sdk-count-summary.ps1","windows","storage-admin","Level 3","candidate","False","True","False","False","safe sanitized evidence only","pure-storage-enterprise-evidence-v1","evidence"
"STORAGE_PURE_FLASHARRAY_POWERSHELL_SDK_RISK_CATEGORY_SUMMARY_V1","FlashArray Powershell Sdk Risk Category Summary","pure-storage-enterprise-evidence-v1","action-layers/windows/storage-admin/pure-storage-enterprise-evidence-v1/scripts/checks/2365-flasharray-powershell-sdk-risk-category-summary.ps1","windows","storage-admin","Level 3","candidate","False","True","False","False","safe sanitized evidence only","pure-storage-enterprise-evidence-v1","evidence"
"STORAGE_PURE_FLASHARRAY_POWERSHELL_SDK_EVENT_COUNT_24H_V1","FlashArray Powershell Sdk Event Count 24h","pure-storage-enterprise-evidence-v1","action-layers/windows/storage-admin/pure-storage-enterprise-evidence-v1/scripts/checks/2366-flasharray-powershell-sdk-event-count-24h.ps1","windows","storage-admin","Level 3","candidate","False","True","False","False","safe sanitized evidence only","pure-storage-enterprise-evidence-v1","evidence"
"STORAGE_PURE_FLASHARRAY_POWERSHELL_SDK_EVENT_COUNT_7D_V1","FlashArray Powershell Sdk Event Count 7d","pure-storage-enterprise-evidence-v1","action-layers/windows/storage-admin/pure-storage-enterprise-evidence-v1/scripts/checks/2367-flasharray-powershell-sdk-event-count-7d.ps1","windows","storage-admin","Level 3","candidate","False","True","False","False","safe sanitized evidence only","pure-storage-enterprise-evidence-v1","evidence"
"STORAGE_PURE_FLASHARRAY_POWERSHELL_SDK_GUIDANCE_PLAN_V1","FlashArray Powershell Sdk Guidance Plan","pure-storage-enterprise-evidence-v1","action-layers/windows/storage-admin/pure-storage-enterprise-evidence-v1/scripts/checks/2368-flasharray-powershell-sdk-guidance-plan.ps1","windows","storage-admin","Level 3","candidate","False","True","False","False","safe sanitized evidence only","pure-storage-enterprise-evidence-v1","evidence"
"STORAGE_PURE_FLASHARRAY_POWERSHELL_SDK_QUESTION_PLAN_V1","FlashArray Powershell Sdk Question Plan","pure-storage-enterprise-evidence-v1","action-layers/windows/storage-admin/pure-storage-enterprise-evidence-v1/scripts/checks/2369-flasharray-powershell-sdk-question-plan.ps1","windows","storage-admin","Level 3","candidate","False","True","False","False","safe sanitized evidence only","pure-storage-enterprise-evidence-v1","evidence"
"STORAGE_PURE_FLASHARRAY_POWERSHELL_SDK_RUNNER_SUMMARY_V1","FlashArray Powershell Sdk Runner Summary","pure-storage-enterprise-evidence-v1","action-layers/windows/storage-admin/pure-storage-enterprise-evidence-v1/scripts/checks/2370-flasharray-powershell-sdk-runner-summary.ps1","windows","storage-admin","Level 3","candidate","False","True","False","False","safe sanitized evidence only","pure-storage-enterprise-evidence-v1","evidence"
"STORAGE_PURE_PURE1_API_CONNECTIVITY_PRESENCE_SUMMARY_V1","Pure1 API Connectivity Presence Summary","pure-storage-enterprise-evidence-v1","action-layers/windows/storage-admin/pure-storage-enterprise-evidence-v1/scripts/checks/2371-pure1-api-connectivity-presence-summary.ps1","windows","storage-admin","Level 3","candidate","False","True","False","False","safe sanitized evidence only","pure-storage-enterprise-evidence-v1","evidence"
"STORAGE_PURE_PURE1_API_CONNECTIVITY_STATUS_SUMMARY_V1","Pure1 API Connectivity Status Summary","pure-storage-enterprise-evidence-v1","action-layers/windows/storage-admin/pure-storage-enterprise-evidence-v1/scripts/checks/2372-pure1-api-connectivity-status-summary.ps1","windows","storage-admin","Level 3","candidate","False","True","False","False","safe sanitized evidence only","pure-storage-enterprise-evidence-v1","evidence"
"STORAGE_PURE_PURE1_API_CONNECTIVITY_CONFIGURATION_SUMMARY_V1","Pure1 API Connectivity Configuration Summary","pure-storage-enterprise-evidence-v1","action-layers/windows/storage-admin/pure-storage-enterprise-evidence-v1/scripts/checks/2373-pure1-api-connectivity-configuration-summary.ps1","windows","storage-admin","Level 3","candidate","False","True","False","False","safe sanitized evidence only","pure-storage-enterprise-evidence-v1","evidence"
"STORAGE_PURE_PURE1_API_CONNECTIVITY_COUNT_SUMMARY_V1","Pure1 API Connectivity Count Summary","pure-storage-enterprise-evidence-v1","action-layers/windows/storage-admin/pure-storage-enterprise-evidence-v1/scripts/checks/2374-pure1-api-connectivity-count-summary.ps1","windows","storage-admin","Level 3","candidate","False","True","False","False","safe sanitized evidence only","pure-storage-enterprise-evidence-v1","evidence"
"STORAGE_PURE_PURE1_API_CONNECTIVITY_RISK_CATEGORY_SUMMARY_V1","Pure1 API Connectivity Risk Category Summary","pure-storage-enterprise-evidence-v1","action-layers/windows/storage-admin/pure-storage-enterprise-evidence-v1/scripts/checks/2375-pure1-api-connectivity-risk-category-summary.ps1","windows","storage-admin","Level 3","candidate","False","True","False","False","safe sanitized evidence only","pure-storage-enterprise-evidence-v1","evidence"
"STORAGE_PURE_PURE1_API_CONNECTIVITY_EVENT_COUNT_24H_V1","Pure1 API Connectivity Event Count 24h","pure-storage-enterprise-evidence-v1","action-layers/windows/storage-admin/pure-storage-enterprise-evidence-v1/scripts/checks/2376-pure1-api-connectivity-event-count-24h.ps1","windows","storage-admin","Level 3","candidate","False","True","False","False","safe sanitized evidence only","pure-storage-enterprise-evidence-v1","evidence"
"STORAGE_PURE_PURE1_API_CONNECTIVITY_EVENT_COUNT_7D_V1","Pure1 API Connectivity Event Count 7d","pure-storage-enterprise-evidence-v1","action-layers/windows/storage-admin/pure-storage-enterprise-evidence-v1/scripts/checks/2377-pure1-api-connectivity-event-count-7d.ps1","windows","storage-admin","Level 3","candidate","False","True","False","False","safe sanitized evidence only","pure-storage-enterprise-evidence-v1","evidence"
"STORAGE_PURE_PURE1_API_CONNECTIVITY_GUIDANCE_PLAN_V1","Pure1 API Connectivity Guidance Plan","pure-storage-enterprise-evidence-v1","action-layers/windows/storage-admin/pure-storage-enterprise-evidence-v1/scripts/checks/2378-pure1-api-connectivity-guidance-plan.ps1","windows","storage-admin","Level 3","candidate","False","True","False","False","safe sanitized evidence only","pure-storage-enterprise-evidence-v1","evidence"
"STORAGE_PURE_PURE1_API_CONNECTIVITY_QUESTION_PLAN_V1","Pure1 API Connectivity Question Plan","pure-storage-enterprise-evidence-v1","action-layers/windows/storage-admin/pure-storage-enterprise-evidence-v1/scripts/checks/2379-pure1-api-connectivity-question-plan.ps1","windows","storage-admin","Level 3","candidate","False","True","False","False","safe sanitized evidence only","pure-storage-enterprise-evidence-v1","evidence"
"STORAGE_PURE_PURE1_API_CONNECTIVITY_RUNNER_SUMMARY_V1","Pure1 API Connectivity Runner Summary","pure-storage-enterprise-evidence-v1","action-layers/windows/storage-admin/pure-storage-enterprise-evidence-v1/scripts/checks/2380-pure1-api-connectivity-runner-summary.ps1","windows","storage-admin","Level 3","candidate","False","True","False","False","safe sanitized evidence only","pure-storage-enterprise-evidence-v1","evidence"
"STORAGE_PURE_FLASHARRAY_INVENTORY_PRESENCE_SUMMARY_V1","FlashArray Inventory Presence Summary","pure-storage-enterprise-evidence-v1","action-layers/windows/storage-admin/pure-storage-enterprise-evidence-v1/scripts/checks/2381-flasharray-inventory-presence-summary.ps1","windows","storage-admin","Level 3","candidate","False","True","False","False","safe sanitized evidence only","pure-storage-enterprise-evidence-v1","evidence"
"STORAGE_PURE_FLASHARRAY_INVENTORY_STATUS_SUMMARY_V1","FlashArray Inventory Status Summary","pure-storage-enterprise-evidence-v1","action-layers/windows/storage-admin/pure-storage-enterprise-evidence-v1/scripts/checks/2382-flasharray-inventory-status-summary.ps1","windows","storage-admin","Level 3","candidate","False","True","False","False","safe sanitized evidence only","pure-storage-enterprise-evidence-v1","evidence"
"STORAGE_PURE_FLASHARRAY_INVENTORY_CONFIGURATION_SUMMARY_V1","FlashArray Inventory Configuration Summary","pure-storage-enterprise-evidence-v1","action-layers/windows/storage-admin/pure-storage-enterprise-evidence-v1/scripts/checks/2383-flasharray-inventory-configuration-summary.ps1","windows","storage-admin","Level 3","candidate","False","True","False","False","safe sanitized evidence only","pure-storage-enterprise-evidence-v1","evidence"
"STORAGE_PURE_FLASHARRAY_INVENTORY_COUNT_SUMMARY_V1","FlashArray Inventory Count Summary","pure-storage-enterprise-evidence-v1","action-layers/windows/storage-admin/pure-storage-enterprise-evidence-v1/scripts/checks/2384-flasharray-inventory-count-summary.ps1","windows","storage-admin","Level 3","candidate","False","True","False","False","safe sanitized evidence only","pure-storage-enterprise-evidence-v1","evidence"
"STORAGE_PURE_FLASHARRAY_INVENTORY_RISK_CATEGORY_SUMMARY_V1","FlashArray Inventory Risk Category Summary","pure-storage-enterprise-evidence-v1","action-layers/windows/storage-admin/pure-storage-enterprise-evidence-v1/scripts/checks/2385-flasharray-inventory-risk-category-summary.ps1","windows","storage-admin","Level 3","candidate","False","True","False","False","safe sanitized evidence only","pure-storage-enterprise-evidence-v1","evidence"
"STORAGE_PURE_FLASHARRAY_INVENTORY_EVENT_COUNT_24H_V1","FlashArray Inventory Event Count 24h","pure-storage-enterprise-evidence-v1","action-layers/windows/storage-admin/pure-storage-enterprise-evidence-v1/scripts/checks/2386-flasharray-inventory-event-count-24h.ps1","windows","storage-admin","Level 3","candidate","False","True","False","False","safe sanitized evidence only","pure-storage-enterprise-evidence-v1","evidence"
"STORAGE_PURE_FLASHARRAY_INVENTORY_EVENT_COUNT_7D_V1","FlashArray Inventory Event Count 7d","pure-storage-enterprise-evidence-v1","action-layers/windows/storage-admin/pure-storage-enterprise-evidence-v1/scripts/checks/2387-flasharray-inventory-event-count-7d.ps1","windows","storage-admin","Level 3","candidate","False","True","False","False","safe sanitized evidence only","pure-storage-enterprise-evidence-v1","evidence"
"STORAGE_PURE_FLASHARRAY_INVENTORY_GUIDANCE_PLAN_V1","FlashArray Inventory Guidance Plan","pure-storage-enterprise-evidence-v1","action-layers/windows/storage-admin/pure-storage-enterprise-evidence-v1/scripts/checks/2388-flasharray-inventory-guidance-plan.ps1","windows","storage-admin","Level 3","candidate","False","True","False","False","safe sanitized evidence only","pure-storage-enterprise-evidence-v1","evidence"
"STORAGE_PURE_FLASHARRAY_INVENTORY_QUESTION_PLAN_V1","FlashArray Inventory Question Plan","pure-storage-enterprise-evidence-v1","action-layers/windows/storage-admin/pure-storage-enterprise-evidence-v1/scripts/checks/2389-flasharray-inventory-question-plan.ps1","windows","storage-admin","Level 3","candidate","False","True","False","False","safe sanitized evidence only","pure-storage-enterprise-evidence-v1","evidence"
"STORAGE_PURE_FLASHARRAY_INVENTORY_RUNNER_SUMMARY_V1","FlashArray Inventory Runner Summary","pure-storage-enterprise-evidence-v1","action-layers/windows/storage-admin/pure-storage-enterprise-evidence-v1/scripts/checks/2390-flasharray-inventory-runner-summary.ps1","windows","storage-admin","Level 3","candidate","False","True","False","False","safe sanitized evidence only","pure-storage-enterprise-evidence-v1","evidence"
"STORAGE_PURE_FLASHBLADE_INVENTORY_PRESENCE_SUMMARY_V1","FlashBlade Inventory Presence Summary","pure-storage-enterprise-evidence-v1","action-layers/windows/storage-admin/pure-storage-enterprise-evidence-v1/scripts/checks/2391-flashblade-inventory-presence-summary.ps1","windows","storage-admin","Level 3","candidate","False","True","False","False","safe sanitized evidence only","pure-storage-enterprise-evidence-v1","evidence"
"STORAGE_PURE_FLASHBLADE_INVENTORY_STATUS_SUMMARY_V1","FlashBlade Inventory Status Summary","pure-storage-enterprise-evidence-v1","action-layers/windows/storage-admin/pure-storage-enterprise-evidence-v1/scripts/checks/2392-flashblade-inventory-status-summary.ps1","windows","storage-admin","Level 3","candidate","False","True","False","False","safe sanitized evidence only","pure-storage-enterprise-evidence-v1","evidence"
"STORAGE_PURE_FLASHBLADE_INVENTORY_CONFIGURATION_SUMMARY_V1","FlashBlade Inventory Configuration Summary","pure-storage-enterprise-evidence-v1","action-layers/windows/storage-admin/pure-storage-enterprise-evidence-v1/scripts/checks/2393-flashblade-inventory-configuration-summary.ps1","windows","storage-admin","Level 3","candidate","False","True","False","False","safe sanitized evidence only","pure-storage-enterprise-evidence-v1","evidence"
"STORAGE_PURE_FLASHBLADE_INVENTORY_COUNT_SUMMARY_V1","FlashBlade Inventory Count Summary","pure-storage-enterprise-evidence-v1","action-layers/windows/storage-admin/pure-storage-enterprise-evidence-v1/scripts/checks/2394-flashblade-inventory-count-summary.ps1","windows","storage-admin","Level 3","candidate","False","True","False","False","safe sanitized evidence only","pure-storage-enterprise-evidence-v1","evidence"
"STORAGE_PURE_FLASHBLADE_INVENTORY_RISK_CATEGORY_SUMMARY_V1","FlashBlade Inventory Risk Category Summary","pure-storage-enterprise-evidence-v1","action-layers/windows/storage-admin/pure-storage-enterprise-evidence-v1/scripts/checks/2395-flashblade-inventory-risk-category-summary.ps1","windows","storage-admin","Level 3","candidate","False","True","False","False","safe sanitized evidence only","pure-storage-enterprise-evidence-v1","evidence"
"STORAGE_PURE_FLASHBLADE_INVENTORY_EVENT_COUNT_24H_V1","FlashBlade Inventory Event Count 24h","pure-storage-enterprise-evidence-v1","action-layers/windows/storage-admin/pure-storage-enterprise-evidence-v1/scripts/checks/2396-flashblade-inventory-event-count-24h.ps1","windows","storage-admin","Level 3","candidate","False","True","False","False","safe sanitized evidence only","pure-storage-enterprise-evidence-v1","evidence"
"STORAGE_PURE_FLASHBLADE_INVENTORY_EVENT_COUNT_7D_V1","FlashBlade Inventory Event Count 7d","pure-storage-enterprise-evidence-v1","action-layers/windows/storage-admin/pure-storage-enterprise-evidence-v1/scripts/checks/2397-flashblade-inventory-event-count-7d.ps1","windows","storage-admin","Level 3","candidate","False","True","False","False","safe sanitized evidence only","pure-storage-enterprise-evidence-v1","evidence"
"STORAGE_PURE_FLASHBLADE_INVENTORY_GUIDANCE_PLAN_V1","FlashBlade Inventory Guidance Plan","pure-storage-enterprise-evidence-v1","action-layers/windows/storage-admin/pure-storage-enterprise-evidence-v1/scripts/checks/2398-flashblade-inventory-guidance-plan.ps1","windows","storage-admin","Level 3","candidate","False","True","False","False","safe sanitized evidence only","pure-storage-enterprise-evidence-v1","evidence"
"STORAGE_PURE_FLASHBLADE_INVENTORY_QUESTION_PLAN_V1","FlashBlade Inventory Question Plan","pure-storage-enterprise-evidence-v1","action-layers/windows/storage-admin/pure-storage-enterprise-evidence-v1/scripts/checks/2399-flashblade-inventory-question-plan.ps1","windows","storage-admin","Level 3","candidate","False","True","False","False","safe sanitized evidence only","pure-storage-enterprise-evidence-v1","evidence"
"STORAGE_PURE_FLASHBLADE_INVENTORY_RUNNER_SUMMARY_V1","FlashBlade Inventory Runner Summary","pure-storage-enterprise-evidence-v1","action-layers/windows/storage-admin/pure-storage-enterprise-evidence-v1/scripts/checks/2400-flashblade-inventory-runner-summary.ps1","windows","storage-admin","Level 3","candidate","False","True","False","False","safe sanitized evidence only","pure-storage-enterprise-evidence-v1","evidence"
"STORAGE_PURE_ARRAY_CAPACITY_PRESENCE_SUMMARY_V1","Array Capacity Presence Summary","pure-storage-enterprise-evidence-v1","action-layers/windows/storage-admin/pure-storage-enterprise-evidence-v1/scripts/checks/2401-array-capacity-presence-summary.ps1","windows","storage-admin","Level 3","candidate","False","True","False","False","safe sanitized evidence only","pure-storage-enterprise-evidence-v1","evidence"
"STORAGE_PURE_ARRAY_CAPACITY_STATUS_SUMMARY_V1","Array Capacity Status Summary","pure-storage-enterprise-evidence-v1","action-layers/windows/storage-admin/pure-storage-enterprise-evidence-v1/scripts/checks/2402-array-capacity-status-summary.ps1","windows","storage-admin","Level 3","candidate","False","True","False","False","safe sanitized evidence only","pure-storage-enterprise-evidence-v1","evidence"
"STORAGE_PURE_ARRAY_CAPACITY_CONFIGURATION_SUMMARY_V1","Array Capacity Configuration Summary","pure-storage-enterprise-evidence-v1","action-layers/windows/storage-admin/pure-storage-enterprise-evidence-v1/scripts/checks/2403-array-capacity-configuration-summary.ps1","windows","storage-admin","Level 3","candidate","False","True","False","False","safe sanitized evidence only","pure-storage-enterprise-evidence-v1","evidence"
"STORAGE_PURE_ARRAY_CAPACITY_COUNT_SUMMARY_V1","Array Capacity Count Summary","pure-storage-enterprise-evidence-v1","action-layers/windows/storage-admin/pure-storage-enterprise-evidence-v1/scripts/checks/2404-array-capacity-count-summary.ps1","windows","storage-admin","Level 3","candidate","False","True","False","False","safe sanitized evidence only","pure-storage-enterprise-evidence-v1","evidence"
"STORAGE_PURE_ARRAY_CAPACITY_RISK_CATEGORY_SUMMARY_V1","Array Capacity Risk Category Summary","pure-storage-enterprise-evidence-v1","action-layers/windows/storage-admin/pure-storage-enterprise-evidence-v1/scripts/checks/2405-array-capacity-risk-category-summary.ps1","windows","storage-admin","Level 3","candidate","False","True","False","False","safe sanitized evidence only","pure-storage-enterprise-evidence-v1","evidence"
"STORAGE_PURE_ARRAY_CAPACITY_EVENT_COUNT_24H_V1","Array Capacity Event Count 24h","pure-storage-enterprise-evidence-v1","action-layers/windows/storage-admin/pure-storage-enterprise-evidence-v1/scripts/checks/2406-array-capacity-event-count-24h.ps1","windows","storage-admin","Level 3","candidate","False","True","False","False","safe sanitized evidence only","pure-storage-enterprise-evidence-v1","evidence"
"STORAGE_PURE_ARRAY_CAPACITY_EVENT_COUNT_7D_V1","Array Capacity Event Count 7d","pure-storage-enterprise-evidence-v1","action-layers/windows/storage-admin/pure-storage-enterprise-evidence-v1/scripts/checks/2407-array-capacity-event-count-7d.ps1","windows","storage-admin","Level 3","candidate","False","True","False","False","safe sanitized evidence only","pure-storage-enterprise-evidence-v1","evidence"
"STORAGE_PURE_ARRAY_CAPACITY_GUIDANCE_PLAN_V1","Array Capacity Guidance Plan","pure-storage-enterprise-evidence-v1","action-layers/windows/storage-admin/pure-storage-enterprise-evidence-v1/scripts/checks/2408-array-capacity-guidance-plan.ps1","windows","storage-admin","Level 3","candidate","False","True","False","False","safe sanitized evidence only","pure-storage-enterprise-evidence-v1","evidence"
"STORAGE_PURE_ARRAY_CAPACITY_QUESTION_PLAN_V1","Array Capacity Question Plan","pure-storage-enterprise-evidence-v1","action-layers/windows/storage-admin/pure-storage-enterprise-evidence-v1/scripts/checks/2409-array-capacity-question-plan.ps1","windows","storage-admin","Level 3","candidate","False","True","False","False","safe sanitized evidence only","pure-storage-enterprise-evidence-v1","evidence"
"STORAGE_PURE_ARRAY_CAPACITY_RUNNER_SUMMARY_V1","Array Capacity Runner Summary","pure-storage-enterprise-evidence-v1","action-layers/windows/storage-admin/pure-storage-enterprise-evidence-v1/scripts/checks/2410-array-capacity-runner-summary.ps1","windows","storage-admin","Level 3","candidate","False","True","False","False","safe sanitized evidence only","pure-storage-enterprise-evidence-v1","evidence"
"STORAGE_PURE_VOLUME_SNAPSHOT_PRESENCE_SUMMARY_V1","Volume Snapshot Presence Summary","pure-storage-enterprise-evidence-v1","action-layers/windows/storage-admin/pure-storage-enterprise-evidence-v1/scripts/checks/2411-volume-snapshot-presence-summary.ps1","windows","storage-admin","Level 3","candidate","False","True","False","False","safe sanitized evidence only","pure-storage-enterprise-evidence-v1","evidence"
"STORAGE_PURE_VOLUME_SNAPSHOT_STATUS_SUMMARY_V1","Volume Snapshot Status Summary","pure-storage-enterprise-evidence-v1","action-layers/windows/storage-admin/pure-storage-enterprise-evidence-v1/scripts/checks/2412-volume-snapshot-status-summary.ps1","windows","storage-admin","Level 3","candidate","False","True","False","False","safe sanitized evidence only","pure-storage-enterprise-evidence-v1","evidence"
"STORAGE_PURE_VOLUME_SNAPSHOT_CONFIGURATION_SUMMARY_V1","Volume Snapshot Configuration Summary","pure-storage-enterprise-evidence-v1","action-layers/windows/storage-admin/pure-storage-enterprise-evidence-v1/scripts/checks/2413-volume-snapshot-configuration-summary.ps1","windows","storage-admin","Level 3","candidate","False","True","False","False","safe sanitized evidence only","pure-storage-enterprise-evidence-v1","evidence"
"STORAGE_PURE_VOLUME_SNAPSHOT_COUNT_SUMMARY_V1","Volume Snapshot Count Summary","pure-storage-enterprise-evidence-v1","action-layers/windows/storage-admin/pure-storage-enterprise-evidence-v1/scripts/checks/2414-volume-snapshot-count-summary.ps1","windows","storage-admin","Level 3","candidate","False","True","False","False","safe sanitized evidence only","pure-storage-enterprise-evidence-v1","evidence"
"STORAGE_PURE_VOLUME_SNAPSHOT_RISK_CATEGORY_SUMMARY_V1","Volume Snapshot Risk Category Summary","pure-storage-enterprise-evidence-v1","action-layers/windows/storage-admin/pure-storage-enterprise-evidence-v1/scripts/checks/2415-volume-snapshot-risk-category-summary.ps1","windows","storage-admin","Level 3","candidate","False","True","False","False","safe sanitized evidence only","pure-storage-enterprise-evidence-v1","evidence"
"STORAGE_PURE_VOLUME_SNAPSHOT_EVENT_COUNT_24H_V1","Volume Snapshot Event Count 24h","pure-storage-enterprise-evidence-v1","action-layers/windows/storage-admin/pure-storage-enterprise-evidence-v1/scripts/checks/2416-volume-snapshot-event-count-24h.ps1","windows","storage-admin","Level 3","candidate","False","True","False","False","safe sanitized evidence only","pure-storage-enterprise-evidence-v1","evidence"
"STORAGE_PURE_VOLUME_SNAPSHOT_EVENT_COUNT_7D_V1","Volume Snapshot Event Count 7d","pure-storage-enterprise-evidence-v1","action-layers/windows/storage-admin/pure-storage-enterprise-evidence-v1/scripts/checks/2417-volume-snapshot-event-count-7d.ps1","windows","storage-admin","Level 3","candidate","False","True","False","False","safe sanitized evidence only","pure-storage-enterprise-evidence-v1","evidence"
"STORAGE_PURE_VOLUME_SNAPSHOT_GUIDANCE_PLAN_V1","Volume Snapshot Guidance Plan","pure-storage-enterprise-evidence-v1","action-layers/windows/storage-admin/pure-storage-enterprise-evidence-v1/scripts/checks/2418-volume-snapshot-guidance-plan.ps1","windows","storage-admin","Level 3","candidate","False","True","False","False","safe sanitized evidence only","pure-storage-enterprise-evidence-v1","evidence"
"STORAGE_PURE_VOLUME_SNAPSHOT_QUESTION_PLAN_V1","Volume Snapshot Question Plan","pure-storage-enterprise-evidence-v1","action-layers/windows/storage-admin/pure-storage-enterprise-evidence-v1/scripts/checks/2419-volume-snapshot-question-plan.ps1","windows","storage-admin","Level 3","candidate","False","True","False","False","safe sanitized evidence only","pure-storage-enterprise-evidence-v1","evidence"
"STORAGE_PURE_VOLUME_SNAPSHOT_RUNNER_SUMMARY_V1","Volume Snapshot Runner Summary","pure-storage-enterprise-evidence-v1","action-layers/windows/storage-admin/pure-storage-enterprise-evidence-v1/scripts/checks/2420-volume-snapshot-runner-summary.ps1","windows","storage-admin","Level 3","candidate","False","True","False","False","safe sanitized evidence only","pure-storage-enterprise-evidence-v1","evidence"
"STORAGE_PURE_HOST_INITIATOR_MAPPING_PRESENCE_SUMMARY_V1","Host Initiator Mapping Presence Summary","pure-storage-enterprise-evidence-v1","action-layers/windows/storage-admin/pure-storage-enterprise-evidence-v1/scripts/checks/2421-host-initiator-mapping-presence-summary.ps1","windows","storage-admin","Level 3","candidate","False","True","False","False","safe sanitized evidence only","pure-storage-enterprise-evidence-v1","evidence"
"STORAGE_PURE_HOST_INITIATOR_MAPPING_STATUS_SUMMARY_V1","Host Initiator Mapping Status Summary","pure-storage-enterprise-evidence-v1","action-layers/windows/storage-admin/pure-storage-enterprise-evidence-v1/scripts/checks/2422-host-initiator-mapping-status-summary.ps1","windows","storage-admin","Level 3","candidate","False","True","False","False","safe sanitized evidence only","pure-storage-enterprise-evidence-v1","evidence"
"STORAGE_PURE_HOST_INITIATOR_MAPPING_CONFIGURATION_SUMMARY_V1","Host Initiator Mapping Configuration Summary","pure-storage-enterprise-evidence-v1","action-layers/windows/storage-admin/pure-storage-enterprise-evidence-v1/scripts/checks/2423-host-initiator-mapping-configuration-summary.ps1","windows","storage-admin","Level 3","candidate","False","True","False","False","safe sanitized evidence only","pure-storage-enterprise-evidence-v1","evidence"
"STORAGE_PURE_HOST_INITIATOR_MAPPING_COUNT_SUMMARY_V1","Host Initiator Mapping Count Summary","pure-storage-enterprise-evidence-v1","action-layers/windows/storage-admin/pure-storage-enterprise-evidence-v1/scripts/checks/2424-host-initiator-mapping-count-summary.ps1","windows","storage-admin","Level 3","candidate","False","True","False","False","safe sanitized evidence only","pure-storage-enterprise-evidence-v1","evidence"
"STORAGE_PURE_HOST_INITIATOR_MAPPING_RISK_CATEGORY_SUMMARY_V1","Host Initiator Mapping Risk Category Summary","pure-storage-enterprise-evidence-v1","action-layers/windows/storage-admin/pure-storage-enterprise-evidence-v1/scripts/checks/2425-host-initiator-mapping-risk-category-summary.ps1","windows","storage-admin","Level 3","candidate","False","True","False","False","safe sanitized evidence only","pure-storage-enterprise-evidence-v1","evidence"
"STORAGE_PURE_HOST_INITIATOR_MAPPING_EVENT_COUNT_24H_V1","Host Initiator Mapping Event Count 24h","pure-storage-enterprise-evidence-v1","action-layers/windows/storage-admin/pure-storage-enterprise-evidence-v1/scripts/checks/2426-host-initiator-mapping-event-count-24h.ps1","windows","storage-admin","Level 3","candidate","False","True","False","False","safe sanitized evidence only","pure-storage-enterprise-evidence-v1","evidence"
"STORAGE_PURE_HOST_INITIATOR_MAPPING_EVENT_COUNT_7D_V1","Host Initiator Mapping Event Count 7d","pure-storage-enterprise-evidence-v1","action-layers/windows/storage-admin/pure-storage-enterprise-evidence-v1/scripts/checks/2427-host-initiator-mapping-event-count-7d.ps1","windows","storage-admin","Level 3","candidate","False","True","False","False","safe sanitized evidence only","pure-storage-enterprise-evidence-v1","evidence"
"STORAGE_PURE_HOST_INITIATOR_MAPPING_GUIDANCE_PLAN_V1","Host Initiator Mapping Guidance Plan","pure-storage-enterprise-evidence-v1","action-layers/windows/storage-admin/pure-storage-enterprise-evidence-v1/scripts/checks/2428-host-initiator-mapping-guidance-plan.ps1","windows","storage-admin","Level 3","candidate","False","True","False","False","safe sanitized evidence only","pure-storage-enterprise-evidence-v1","evidence"
"STORAGE_PURE_HOST_INITIATOR_MAPPING_QUESTION_PLAN_V1","Host Initiator Mapping Question Plan","pure-storage-enterprise-evidence-v1","action-layers/windows/storage-admin/pure-storage-enterprise-evidence-v1/scripts/checks/2429-host-initiator-mapping-question-plan.ps1","windows","storage-admin","Level 3","candidate","False","True","False","False","safe sanitized evidence only","pure-storage-enterprise-evidence-v1","evidence"
"STORAGE_PURE_HOST_INITIATOR_MAPPING_RUNNER_SUMMARY_V1","Host Initiator Mapping Runner Summary","pure-storage-enterprise-evidence-v1","action-layers/windows/storage-admin/pure-storage-enterprise-evidence-v1/scripts/checks/2430-host-initiator-mapping-runner-summary.ps1","windows","storage-admin","Level 3","candidate","False","True","False","False","safe sanitized evidence only","pure-storage-enterprise-evidence-v1","evidence"
"STORAGE_PURE_PROTECTION_GROUP_PRESENCE_SUMMARY_V1","Protection Group Presence Summary","pure-storage-enterprise-evidence-v1","action-layers/windows/storage-admin/pure-storage-enterprise-evidence-v1/scripts/checks/2431-protection-group-presence-summary.ps1","windows","storage-admin","Level 3","candidate","False","True","False","False","safe sanitized evidence only","pure-storage-enterprise-evidence-v1","evidence"
"STORAGE_PURE_PROTECTION_GROUP_STATUS_SUMMARY_V1","Protection Group Status Summary","pure-storage-enterprise-evidence-v1","action-layers/windows/storage-admin/pure-storage-enterprise-evidence-v1/scripts/checks/2432-protection-group-status-summary.ps1","windows","storage-admin","Level 3","candidate","False","True","False","False","safe sanitized evidence only","pure-storage-enterprise-evidence-v1","evidence"
"STORAGE_PURE_PROTECTION_GROUP_CONFIGURATION_SUMMARY_V1","Protection Group Configuration Summary","pure-storage-enterprise-evidence-v1","action-layers/windows/storage-admin/pure-storage-enterprise-evidence-v1/scripts/checks/2433-protection-group-configuration-summary.ps1","windows","storage-admin","Level 3","candidate","False","True","False","False","safe sanitized evidence only","pure-storage-enterprise-evidence-v1","evidence"
"STORAGE_PURE_PROTECTION_GROUP_COUNT_SUMMARY_V1","Protection Group Count Summary","pure-storage-enterprise-evidence-v1","action-layers/windows/storage-admin/pure-storage-enterprise-evidence-v1/scripts/checks/2434-protection-group-count-summary.ps1","windows","storage-admin","Level 3","candidate","False","True","False","False","safe sanitized evidence only","pure-storage-enterprise-evidence-v1","evidence"
"STORAGE_PURE_PROTECTION_GROUP_RISK_CATEGORY_SUMMARY_V1","Protection Group Risk Category Summary","pure-storage-enterprise-evidence-v1","action-layers/windows/storage-admin/pure-storage-enterprise-evidence-v1/scripts/checks/2435-protection-group-risk-category-summary.ps1","windows","storage-admin","Level 3","candidate","False","True","False","False","safe sanitized evidence only","pure-storage-enterprise-evidence-v1","evidence"
"STORAGE_PURE_PROTECTION_GROUP_EVENT_COUNT_24H_V1","Protection Group Event Count 24h","pure-storage-enterprise-evidence-v1","action-layers/windows/storage-admin/pure-storage-enterprise-evidence-v1/scripts/checks/2436-protection-group-event-count-24h.ps1","windows","storage-admin","Level 3","candidate","False","True","False","False","safe sanitized evidence only","pure-storage-enterprise-evidence-v1","evidence"
"STORAGE_PURE_PROTECTION_GROUP_EVENT_COUNT_7D_V1","Protection Group Event Count 7d","pure-storage-enterprise-evidence-v1","action-layers/windows/storage-admin/pure-storage-enterprise-evidence-v1/scripts/checks/2437-protection-group-event-count-7d.ps1","windows","storage-admin","Level 3","candidate","False","True","False","False","safe sanitized evidence only","pure-storage-enterprise-evidence-v1","evidence"
"STORAGE_PURE_PROTECTION_GROUP_GUIDANCE_PLAN_V1","Protection Group Guidance Plan","pure-storage-enterprise-evidence-v1","action-layers/windows/storage-admin/pure-storage-enterprise-evidence-v1/scripts/checks/2438-protection-group-guidance-plan.ps1","windows","storage-admin","Level 3","candidate","False","True","False","False","safe sanitized evidence only","pure-storage-enterprise-evidence-v1","evidence"
"STORAGE_PURE_PROTECTION_GROUP_QUESTION_PLAN_V1","Protection Group Question Plan","pure-storage-enterprise-evidence-v1","action-layers/windows/storage-admin/pure-storage-enterprise-evidence-v1/scripts/checks/2439-protection-group-question-plan.ps1","windows","storage-admin","Level 3","candidate","False","True","False","False","safe sanitized evidence only","pure-storage-enterprise-evidence-v1","evidence"
"STORAGE_PURE_PROTECTION_GROUP_RUNNER_SUMMARY_V1","Protection Group Runner Summary","pure-storage-enterprise-evidence-v1","action-layers/windows/storage-admin/pure-storage-enterprise-evidence-v1/scripts/checks/2440-protection-group-runner-summary.ps1","windows","storage-admin","Level 3","candidate","False","True","False","False","safe sanitized evidence only","pure-storage-enterprise-evidence-v1","evidence"
"STORAGE_PURE_REPLICATION_POD_PRESENCE_SUMMARY_V1","Replication Pod Presence Summary","pure-storage-enterprise-evidence-v1","action-layers/windows/storage-admin/pure-storage-enterprise-evidence-v1/scripts/checks/2441-replication-pod-presence-summary.ps1","windows","storage-admin","Level 3","candidate","False","True","False","False","safe sanitized evidence only","pure-storage-enterprise-evidence-v1","evidence"
"STORAGE_PURE_REPLICATION_POD_STATUS_SUMMARY_V1","Replication Pod Status Summary","pure-storage-enterprise-evidence-v1","action-layers/windows/storage-admin/pure-storage-enterprise-evidence-v1/scripts/checks/2442-replication-pod-status-summary.ps1","windows","storage-admin","Level 3","candidate","False","True","False","False","safe sanitized evidence only","pure-storage-enterprise-evidence-v1","evidence"
"STORAGE_PURE_REPLICATION_POD_CONFIGURATION_SUMMARY_V1","Replication Pod Configuration Summary","pure-storage-enterprise-evidence-v1","action-layers/windows/storage-admin/pure-storage-enterprise-evidence-v1/scripts/checks/2443-replication-pod-configuration-summary.ps1","windows","storage-admin","Level 3","candidate","False","True","False","False","safe sanitized evidence only","pure-storage-enterprise-evidence-v1","evidence"
"STORAGE_PURE_REPLICATION_POD_COUNT_SUMMARY_V1","Replication Pod Count Summary","pure-storage-enterprise-evidence-v1","action-layers/windows/storage-admin/pure-storage-enterprise-evidence-v1/scripts/checks/2444-replication-pod-count-summary.ps1","windows","storage-admin","Level 3","candidate","False","True","False","False","safe sanitized evidence only","pure-storage-enterprise-evidence-v1","evidence"
"STORAGE_PURE_REPLICATION_POD_RISK_CATEGORY_SUMMARY_V1","Replication Pod Risk Category Summary","pure-storage-enterprise-evidence-v1","action-layers/windows/storage-admin/pure-storage-enterprise-evidence-v1/scripts/checks/2445-replication-pod-risk-category-summary.ps1","windows","storage-admin","Level 3","candidate","False","True","False","False","safe sanitized evidence only","pure-storage-enterprise-evidence-v1","evidence"
"STORAGE_PURE_REPLICATION_POD_EVENT_COUNT_24H_V1","Replication Pod Event Count 24h","pure-storage-enterprise-evidence-v1","action-layers/windows/storage-admin/pure-storage-enterprise-evidence-v1/scripts/checks/2446-replication-pod-event-count-24h.ps1","windows","storage-admin","Level 3","candidate","False","True","False","False","safe sanitized evidence only","pure-storage-enterprise-evidence-v1","evidence"
"STORAGE_PURE_REPLICATION_POD_EVENT_COUNT_7D_V1","Replication Pod Event Count 7d","pure-storage-enterprise-evidence-v1","action-layers/windows/storage-admin/pure-storage-enterprise-evidence-v1/scripts/checks/2447-replication-pod-event-count-7d.ps1","windows","storage-admin","Level 3","candidate","False","True","False","False","safe sanitized evidence only","pure-storage-enterprise-evidence-v1","evidence"
"STORAGE_PURE_REPLICATION_POD_GUIDANCE_PLAN_V1","Replication Pod Guidance Plan","pure-storage-enterprise-evidence-v1","action-layers/windows/storage-admin/pure-storage-enterprise-evidence-v1/scripts/checks/2448-replication-pod-guidance-plan.ps1","windows","storage-admin","Level 3","candidate","False","True","False","False","safe sanitized evidence only","pure-storage-enterprise-evidence-v1","evidence"
"STORAGE_PURE_REPLICATION_POD_QUESTION_PLAN_V1","Replication Pod Question Plan","pure-storage-enterprise-evidence-v1","action-layers/windows/storage-admin/pure-storage-enterprise-evidence-v1/scripts/checks/2449-replication-pod-question-plan.ps1","windows","storage-admin","Level 3","candidate","False","True","False","False","safe sanitized evidence only","pure-storage-enterprise-evidence-v1","evidence"
"STORAGE_PURE_REPLICATION_POD_RUNNER_SUMMARY_V1","Replication Pod Runner Summary","pure-storage-enterprise-evidence-v1","action-layers/windows/storage-admin/pure-storage-enterprise-evidence-v1/scripts/checks/2450-replication-pod-runner-summary.ps1","windows","storage-admin","Level 3","candidate","False","True","False","False","safe sanitized evidence only","pure-storage-enterprise-evidence-v1","evidence"
"STORAGE_PURE_ALERT_AUDIT_EVENT_PRESENCE_SUMMARY_V1","Alert Audit Event Presence Summary","pure-storage-enterprise-evidence-v1","action-layers/windows/storage-admin/pure-storage-enterprise-evidence-v1/scripts/checks/2451-alert-audit-event-presence-summary.ps1","windows","storage-admin","Level 3","candidate","False","True","False","False","safe sanitized evidence only","pure-storage-enterprise-evidence-v1","evidence"
"STORAGE_PURE_ALERT_AUDIT_EVENT_STATUS_SUMMARY_V1","Alert Audit Event Status Summary","pure-storage-enterprise-evidence-v1","action-layers/windows/storage-admin/pure-storage-enterprise-evidence-v1/scripts/checks/2452-alert-audit-event-status-summary.ps1","windows","storage-admin","Level 3","candidate","False","True","False","False","safe sanitized evidence only","pure-storage-enterprise-evidence-v1","evidence"
"STORAGE_PURE_ALERT_AUDIT_EVENT_CONFIGURATION_SUMMARY_V1","Alert Audit Event Configuration Summary","pure-storage-enterprise-evidence-v1","action-layers/windows/storage-admin/pure-storage-enterprise-evidence-v1/scripts/checks/2453-alert-audit-event-configuration-summary.ps1","windows","storage-admin","Level 3","candidate","False","True","False","False","safe sanitized evidence only","pure-storage-enterprise-evidence-v1","evidence"
"STORAGE_PURE_ALERT_AUDIT_EVENT_COUNT_SUMMARY_V1","Alert Audit Event Count Summary","pure-storage-enterprise-evidence-v1","action-layers/windows/storage-admin/pure-storage-enterprise-evidence-v1/scripts/checks/2454-alert-audit-event-count-summary.ps1","windows","storage-admin","Level 3","candidate","False","True","False","False","safe sanitized evidence only","pure-storage-enterprise-evidence-v1","evidence"
"STORAGE_PURE_ALERT_AUDIT_EVENT_RISK_CATEGORY_SUMMARY_V1","Alert Audit Event Risk Category Summary","pure-storage-enterprise-evidence-v1","action-layers/windows/storage-admin/pure-storage-enterprise-evidence-v1/scripts/checks/2455-alert-audit-event-risk-category-summary.ps1","windows","storage-admin","Level 3","candidate","False","True","False","False","safe sanitized evidence only","pure-storage-enterprise-evidence-v1","evidence"
"STORAGE_PURE_ALERT_AUDIT_EVENT_EVENT_COUNT_24H_V1","Alert Audit Event Event Count 24h","pure-storage-enterprise-evidence-v1","action-layers/windows/storage-admin/pure-storage-enterprise-evidence-v1/scripts/checks/2456-alert-audit-event-event-count-24h.ps1","windows","storage-admin","Level 3","candidate","False","True","False","False","safe sanitized evidence only","pure-storage-enterprise-evidence-v1","evidence"
"STORAGE_PURE_ALERT_AUDIT_EVENT_EVENT_COUNT_7D_V1","Alert Audit Event Event Count 7d","pure-storage-enterprise-evidence-v1","action-layers/windows/storage-admin/pure-storage-enterprise-evidence-v1/scripts/checks/2457-alert-audit-event-event-count-7d.ps1","windows","storage-admin","Level 3","candidate","False","True","False","False","safe sanitized evidence only","pure-storage-enterprise-evidence-v1","evidence"
"STORAGE_PURE_ALERT_AUDIT_EVENT_GUIDANCE_PLAN_V1","Alert Audit Event Guidance Plan","pure-storage-enterprise-evidence-v1","action-layers/windows/storage-admin/pure-storage-enterprise-evidence-v1/scripts/checks/2458-alert-audit-event-guidance-plan.ps1","windows","storage-admin","Level 3","candidate","False","True","False","False","safe sanitized evidence only","pure-storage-enterprise-evidence-v1","evidence"
"STORAGE_PURE_ALERT_AUDIT_EVENT_QUESTION_PLAN_V1","Alert Audit Event Question Plan","pure-storage-enterprise-evidence-v1","action-layers/windows/storage-admin/pure-storage-enterprise-evidence-v1/scripts/checks/2459-alert-audit-event-question-plan.ps1","windows","storage-admin","Level 3","candidate","False","True","False","False","safe sanitized evidence only","pure-storage-enterprise-evidence-v1","evidence"
"STORAGE_PURE_ALERT_AUDIT_EVENT_RUNNER_SUMMARY_V1","Alert Audit Event Runner Summary","pure-storage-enterprise-evidence-v1","action-layers/windows/storage-admin/pure-storage-enterprise-evidence-v1/scripts/checks/2460-alert-audit-event-runner-summary.ps1","windows","storage-admin","Level 3","candidate","False","True","False","False","safe sanitized evidence only","pure-storage-enterprise-evidence-v1","evidence"
"STORAGE_PURE_CERTIFICATE_SUPPORTABILITY_PRESENCE_SUMMARY_V1","Certificate Supportability Presence Summary","pure-storage-enterprise-evidence-v1","action-layers/windows/storage-admin/pure-storage-enterprise-evidence-v1/scripts/checks/2461-certificate-supportability-presence-summary.ps1","windows","storage-admin","Level 3","candidate","False","True","False","False","safe sanitized evidence only","pure-storage-enterprise-evidence-v1","evidence"
"STORAGE_PURE_CERTIFICATE_SUPPORTABILITY_STATUS_SUMMARY_V1","Certificate Supportability Status Summary","pure-storage-enterprise-evidence-v1","action-layers/windows/storage-admin/pure-storage-enterprise-evidence-v1/scripts/checks/2462-certificate-supportability-status-summary.ps1","windows","storage-admin","Level 3","candidate","False","True","False","False","safe sanitized evidence only","pure-storage-enterprise-evidence-v1","evidence"
"STORAGE_PURE_CERTIFICATE_SUPPORTABILITY_CONFIGURATION_SUMMARY_V1","Certificate Supportability Configuration Summary","pure-storage-enterprise-evidence-v1","action-layers/windows/storage-admin/pure-storage-enterprise-evidence-v1/scripts/checks/2463-certificate-supportability-configuration-summary.ps1","windows","storage-admin","Level 3","candidate","False","True","False","False","safe sanitized evidence only","pure-storage-enterprise-evidence-v1","evidence"
"STORAGE_PURE_CERTIFICATE_SUPPORTABILITY_COUNT_SUMMARY_V1","Certificate Supportability Count Summary","pure-storage-enterprise-evidence-v1","action-layers/windows/storage-admin/pure-storage-enterprise-evidence-v1/scripts/checks/2464-certificate-supportability-count-summary.ps1","windows","storage-admin","Level 3","candidate","False","True","False","False","safe sanitized evidence only","pure-storage-enterprise-evidence-v1","evidence"
"STORAGE_PURE_CERTIFICATE_SUPPORTABILITY_RISK_CATEGORY_SUMMARY_V1","Certificate Supportability Risk Category Summary","pure-storage-enterprise-evidence-v1","action-layers/windows/storage-admin/pure-storage-enterprise-evidence-v1/scripts/checks/2465-certificate-supportability-risk-category-summary.ps1","windows","storage-admin","Level 3","candidate","False","True","False","False","safe sanitized evidence only","pure-storage-enterprise-evidence-v1","evidence"
"STORAGE_PURE_CERTIFICATE_SUPPORTABILITY_EVENT_COUNT_24H_V1","Certificate Supportability Event Count 24h","pure-storage-enterprise-evidence-v1","action-layers/windows/storage-admin/pure-storage-enterprise-evidence-v1/scripts/checks/2466-certificate-supportability-event-count-24h.ps1","windows","storage-admin","Level 3","candidate","False","True","False","False","safe sanitized evidence only","pure-storage-enterprise-evidence-v1","evidence"
"STORAGE_PURE_CERTIFICATE_SUPPORTABILITY_EVENT_COUNT_7D_V1","Certificate Supportability Event Count 7d","pure-storage-enterprise-evidence-v1","action-layers/windows/storage-admin/pure-storage-enterprise-evidence-v1/scripts/checks/2467-certificate-supportability-event-count-7d.ps1","windows","storage-admin","Level 3","candidate","False","True","False","False","safe sanitized evidence only","pure-storage-enterprise-evidence-v1","evidence"
"STORAGE_PURE_CERTIFICATE_SUPPORTABILITY_GUIDANCE_PLAN_V1","Certificate Supportability Guidance Plan","pure-storage-enterprise-evidence-v1","action-layers/windows/storage-admin/pure-storage-enterprise-evidence-v1/scripts/checks/2468-certificate-supportability-guidance-plan.ps1","windows","storage-admin","Level 3","candidate","False","True","False","False","safe sanitized evidence only","pure-storage-enterprise-evidence-v1","evidence"
"STORAGE_PURE_CERTIFICATE_SUPPORTABILITY_QUESTION_PLAN_V1","Certificate Supportability Question Plan","pure-storage-enterprise-evidence-v1","action-layers/windows/storage-admin/pure-storage-enterprise-evidence-v1/scripts/checks/2469-certificate-supportability-question-plan.ps1","windows","storage-admin","Level 3","candidate","False","True","False","False","safe sanitized evidence only","pure-storage-enterprise-evidence-v1","evidence"
"STORAGE_PURE_CERTIFICATE_SUPPORTABILITY_RUNNER_SUMMARY_V1","Certificate Supportability Runner Summary","pure-storage-enterprise-evidence-v1","action-layers/windows/storage-admin/pure-storage-enterprise-evidence-v1/scripts/checks/2470-certificate-supportability-runner-summary.ps1","windows","storage-admin","Level 3","candidate","False","True","False","False","safe sanitized evidence only","pure-storage-enterprise-evidence-v1","evidence"
"STORAGE_PURE_PERFORMANCE_LATENCY_PRESENCE_SUMMARY_V1","Performance Latency Presence Summary","pure-storage-enterprise-evidence-v1","action-layers/windows/storage-admin/pure-storage-enterprise-evidence-v1/scripts/checks/2471-performance-latency-presence-summary.ps1","windows","storage-admin","Level 3","candidate","False","True","False","False","safe sanitized evidence only","pure-storage-enterprise-evidence-v1","evidence"
"STORAGE_PURE_PERFORMANCE_LATENCY_STATUS_SUMMARY_V1","Performance Latency Status Summary","pure-storage-enterprise-evidence-v1","action-layers/windows/storage-admin/pure-storage-enterprise-evidence-v1/scripts/checks/2472-performance-latency-status-summary.ps1","windows","storage-admin","Level 3","candidate","False","True","False","False","safe sanitized evidence only","pure-storage-enterprise-evidence-v1","evidence"
"STORAGE_PURE_PERFORMANCE_LATENCY_CONFIGURATION_SUMMARY_V1","Performance Latency Configuration Summary","pure-storage-enterprise-evidence-v1","action-layers/windows/storage-admin/pure-storage-enterprise-evidence-v1/scripts/checks/2473-performance-latency-configuration-summary.ps1","windows","storage-admin","Level 3","candidate","False","True","False","False","safe sanitized evidence only","pure-storage-enterprise-evidence-v1","evidence"
"STORAGE_PURE_PERFORMANCE_LATENCY_COUNT_SUMMARY_V1","Performance Latency Count Summary","pure-storage-enterprise-evidence-v1","action-layers/windows/storage-admin/pure-storage-enterprise-evidence-v1/scripts/checks/2474-performance-latency-count-summary.ps1","windows","storage-admin","Level 3","candidate","False","True","False","False","safe sanitized evidence only","pure-storage-enterprise-evidence-v1","evidence"
"STORAGE_PURE_PERFORMANCE_LATENCY_RISK_CATEGORY_SUMMARY_V1","Performance Latency Risk Category Summary","pure-storage-enterprise-evidence-v1","action-layers/windows/storage-admin/pure-storage-enterprise-evidence-v1/scripts/checks/2475-performance-latency-risk-category-summary.ps1","windows","storage-admin","Level 3","candidate","False","True","False","False","safe sanitized evidence only","pure-storage-enterprise-evidence-v1","evidence"
"STORAGE_PURE_PERFORMANCE_LATENCY_EVENT_COUNT_24H_V1","Performance Latency Event Count 24h","pure-storage-enterprise-evidence-v1","action-layers/windows/storage-admin/pure-storage-enterprise-evidence-v1/scripts/checks/2476-performance-latency-event-count-24h.ps1","windows","storage-admin","Level 3","candidate","False","True","False","False","safe sanitized evidence only","pure-storage-enterprise-evidence-v1","evidence"
"STORAGE_PURE_PERFORMANCE_LATENCY_EVENT_COUNT_7D_V1","Performance Latency Event Count 7d","pure-storage-enterprise-evidence-v1","action-layers/windows/storage-admin/pure-storage-enterprise-evidence-v1/scripts/checks/2477-performance-latency-event-count-7d.ps1","windows","storage-admin","Level 3","candidate","False","True","False","False","safe sanitized evidence only","pure-storage-enterprise-evidence-v1","evidence"
"STORAGE_PURE_PERFORMANCE_LATENCY_GUIDANCE_PLAN_V1","Performance Latency Guidance Plan","pure-storage-enterprise-evidence-v1","action-layers/windows/storage-admin/pure-storage-enterprise-evidence-v1/scripts/checks/2478-performance-latency-guidance-plan.ps1","windows","storage-admin","Level 3","candidate","False","True","False","False","safe sanitized evidence only","pure-storage-enterprise-evidence-v1","evidence"
"STORAGE_PURE_PERFORMANCE_LATENCY_QUESTION_PLAN_V1","Performance Latency Question Plan","pure-storage-enterprise-evidence-v1","action-layers/windows/storage-admin/pure-storage-enterprise-evidence-v1/scripts/checks/2479-performance-latency-question-plan.ps1","windows","storage-admin","Level 3","candidate","False","True","False","False","safe sanitized evidence only","pure-storage-enterprise-evidence-v1","evidence"
"STORAGE_PURE_PERFORMANCE_LATENCY_RUNNER_SUMMARY_V1","Performance Latency Runner Summary","pure-storage-enterprise-evidence-v1","action-layers/windows/storage-admin/pure-storage-enterprise-evidence-v1/scripts/checks/2480-performance-latency-runner-summary.ps1","windows","storage-admin","Level 3","candidate","False","True","False","False","safe sanitized evidence only","pure-storage-enterprise-evidence-v1","evidence"
"STORAGE_PURE_PURITY_VERSION_SUPPORT_PRESENCE_SUMMARY_V1","Purity Version Support Presence Summary","pure-storage-enterprise-evidence-v1","action-layers/windows/storage-admin/pure-storage-enterprise-evidence-v1/scripts/checks/2481-purity-version-support-presence-summary.ps1","windows","storage-admin","Level 3","candidate","False","True","False","False","safe sanitized evidence only","pure-storage-enterprise-evidence-v1","evidence"
"STORAGE_PURE_PURITY_VERSION_SUPPORT_STATUS_SUMMARY_V1","Purity Version Support Status Summary","pure-storage-enterprise-evidence-v1","action-layers/windows/storage-admin/pure-storage-enterprise-evidence-v1/scripts/checks/2482-purity-version-support-status-summary.ps1","windows","storage-admin","Level 3","candidate","False","True","False","False","safe sanitized evidence only","pure-storage-enterprise-evidence-v1","evidence"
"STORAGE_PURE_PURITY_VERSION_SUPPORT_CONFIGURATION_SUMMARY_V1","Purity Version Support Configuration Summary","pure-storage-enterprise-evidence-v1","action-layers/windows/storage-admin/pure-storage-enterprise-evidence-v1/scripts/checks/2483-purity-version-support-configuration-summary.ps1","windows","storage-admin","Level 3","candidate","False","True","False","False","safe sanitized evidence only","pure-storage-enterprise-evidence-v1","evidence"
"STORAGE_PURE_PURITY_VERSION_SUPPORT_COUNT_SUMMARY_V1","Purity Version Support Count Summary","pure-storage-enterprise-evidence-v1","action-layers/windows/storage-admin/pure-storage-enterprise-evidence-v1/scripts/checks/2484-purity-version-support-count-summary.ps1","windows","storage-admin","Level 3","candidate","False","True","False","False","safe sanitized evidence only","pure-storage-enterprise-evidence-v1","evidence"
"STORAGE_PURE_PURITY_VERSION_SUPPORT_RISK_CATEGORY_SUMMARY_V1","Purity Version Support Risk Category Summary","pure-storage-enterprise-evidence-v1","action-layers/windows/storage-admin/pure-storage-enterprise-evidence-v1/scripts/checks/2485-purity-version-support-risk-category-summary.ps1","windows","storage-admin","Level 3","candidate","False","True","False","False","safe sanitized evidence only","pure-storage-enterprise-evidence-v1","evidence"
"STORAGE_PURE_PURITY_VERSION_SUPPORT_EVENT_COUNT_24H_V1","Purity Version Support Event Count 24h","pure-storage-enterprise-evidence-v1","action-layers/windows/storage-admin/pure-storage-enterprise-evidence-v1/scripts/checks/2486-purity-version-support-event-count-24h.ps1","windows","storage-admin","Level 3","candidate","False","True","False","False","safe sanitized evidence only","pure-storage-enterprise-evidence-v1","evidence"
"STORAGE_PURE_PURITY_VERSION_SUPPORT_EVENT_COUNT_7D_V1","Purity Version Support Event Count 7d","pure-storage-enterprise-evidence-v1","action-layers/windows/storage-admin/pure-storage-enterprise-evidence-v1/scripts/checks/2487-purity-version-support-event-count-7d.ps1","windows","storage-admin","Level 3","candidate","False","True","False","False","safe sanitized evidence only","pure-storage-enterprise-evidence-v1","evidence"
"STORAGE_PURE_PURITY_VERSION_SUPPORT_GUIDANCE_PLAN_V1","Purity Version Support Guidance Plan","pure-storage-enterprise-evidence-v1","action-layers/windows/storage-admin/pure-storage-enterprise-evidence-v1/scripts/checks/2488-purity-version-support-guidance-plan.ps1","windows","storage-admin","Level 3","candidate","False","True","False","False","safe sanitized evidence only","pure-storage-enterprise-evidence-v1","evidence"
"STORAGE_PURE_PURITY_VERSION_SUPPORT_QUESTION_PLAN_V1","Purity Version Support Question Plan","pure-storage-enterprise-evidence-v1","action-layers/windows/storage-admin/pure-storage-enterprise-evidence-v1/scripts/checks/2489-purity-version-support-question-plan.ps1","windows","storage-admin","Level 3","candidate","False","True","False","False","safe sanitized evidence only","pure-storage-enterprise-evidence-v1","evidence"
"STORAGE_PURE_PURITY_VERSION_SUPPORT_RUNNER_SUMMARY_V1","Purity Version Support Runner Summary","pure-storage-enterprise-evidence-v1","action-layers/windows/storage-admin/pure-storage-enterprise-evidence-v1/scripts/checks/2490-purity-version-support-runner-summary.ps1","windows","storage-admin","Level 3","candidate","False","True","False","False","safe sanitized evidence only","pure-storage-enterprise-evidence-v1","evidence"
"STORAGE_PURE_SUPPORT_BUNDLE_READINESS_PRESENCE_SUMMARY_V1","Support Bundle Readiness Presence Summary","pure-storage-enterprise-evidence-v1","action-layers/windows/storage-admin/pure-storage-enterprise-evidence-v1/scripts/checks/2491-support-bundle-readiness-presence-summary.ps1","windows","storage-admin","Level 3","candidate","False","True","False","False","safe sanitized evidence only","pure-storage-enterprise-evidence-v1","evidence"
"STORAGE_PURE_SUPPORT_BUNDLE_READINESS_STATUS_SUMMARY_V1","Support Bundle Readiness Status Summary","pure-storage-enterprise-evidence-v1","action-layers/windows/storage-admin/pure-storage-enterprise-evidence-v1/scripts/checks/2492-support-bundle-readiness-status-summary.ps1","windows","storage-admin","Level 3","candidate","False","True","False","False","safe sanitized evidence only","pure-storage-enterprise-evidence-v1","evidence"
"STORAGE_PURE_SUPPORT_BUNDLE_READINESS_CONFIGURATION_SUMMARY_V1","Support Bundle Readiness Configuration Summary","pure-storage-enterprise-evidence-v1","action-layers/windows/storage-admin/pure-storage-enterprise-evidence-v1/scripts/checks/2493-support-bundle-readiness-configuration-summary.ps1","windows","storage-admin","Level 3","candidate","False","True","False","False","safe sanitized evidence only","pure-storage-enterprise-evidence-v1","evidence"
"STORAGE_PURE_SUPPORT_BUNDLE_READINESS_COUNT_SUMMARY_V1","Support Bundle Readiness Count Summary","pure-storage-enterprise-evidence-v1","action-layers/windows/storage-admin/pure-storage-enterprise-evidence-v1/scripts/checks/2494-support-bundle-readiness-count-summary.ps1","windows","storage-admin","Level 3","candidate","False","True","False","False","safe sanitized evidence only","pure-storage-enterprise-evidence-v1","evidence"
"STORAGE_PURE_SUPPORT_BUNDLE_READINESS_RISK_CATEGORY_SUMMARY_V1","Support Bundle Readiness Risk Category Summary","pure-storage-enterprise-evidence-v1","action-layers/windows/storage-admin/pure-storage-enterprise-evidence-v1/scripts/checks/2495-support-bundle-readiness-risk-category-summary.ps1","windows","storage-admin","Level 3","candidate","False","True","False","False","safe sanitized evidence only","pure-storage-enterprise-evidence-v1","evidence"
"STORAGE_PURE_SUPPORT_BUNDLE_READINESS_EVENT_COUNT_24H_V1","Support Bundle Readiness Event Count 24h","pure-storage-enterprise-evidence-v1","action-layers/windows/storage-admin/pure-storage-enterprise-evidence-v1/scripts/checks/2496-support-bundle-readiness-event-count-24h.ps1","windows","storage-admin","Level 3","candidate","False","True","False","False","safe sanitized evidence only","pure-storage-enterprise-evidence-v1","evidence"
"STORAGE_PURE_SUPPORT_BUNDLE_READINESS_EVENT_COUNT_7D_V1","Support Bundle Readiness Event Count 7d","pure-storage-enterprise-evidence-v1","action-layers/windows/storage-admin/pure-storage-enterprise-evidence-v1/scripts/checks/2497-support-bundle-readiness-event-count-7d.ps1","windows","storage-admin","Level 3","candidate","False","True","False","False","safe sanitized evidence only","pure-storage-enterprise-evidence-v1","evidence"
"STORAGE_PURE_SUPPORT_BUNDLE_READINESS_GUIDANCE_PLAN_V1","Support Bundle Readiness Guidance Plan","pure-storage-enterprise-evidence-v1","action-layers/windows/storage-admin/pure-storage-enterprise-evidence-v1/scripts/checks/2498-support-bundle-readiness-guidance-plan.ps1","windows","storage-admin","Level 3","candidate","False","True","False","False","safe sanitized evidence only","pure-storage-enterprise-evidence-v1","evidence"
"STORAGE_PURE_SUPPORT_BUNDLE_READINESS_QUESTION_PLAN_V1","Support Bundle Readiness Question Plan","pure-storage-enterprise-evidence-v1","action-layers/windows/storage-admin/pure-storage-enterprise-evidence-v1/scripts/checks/2499-support-bundle-readiness-question-plan.ps1","windows","storage-admin","Level 3","candidate","False","True","False","False","safe sanitized evidence only","pure-storage-enterprise-evidence-v1","evidence"
"STORAGE_PURE_SUPPORT_BUNDLE_READINESS_RUNNER_SUMMARY_V1","Support Bundle Readiness Runner Summary","pure-storage-enterprise-evidence-v1","action-layers/windows/storage-admin/pure-storage-enterprise-evidence-v1/scripts/checks/2500-support-bundle-readiness-runner-summary.ps1","windows","storage-admin","Level 3","candidate","False","True","False","False","safe sanitized evidence only","pure-storage-enterprise-evidence-v1","evidence"
