"number","action_id","title","layer","script_path","script_sha256","mutation_capable","stores_credentials","stores_target_inventory","evidence"
"4501","STORAGE_ENTERPRISE_MONITORING_OBSERVABILITY_EVIDENCE_V1_STORAGE_MONITORING_TOOL_INVENTORY_PRESENCE_SUMMARY_V1","Storage Monitoring Tool Inventory Presence Summary","enterprise-monitoring-observability-evidence-v1","action-layers/windows/storage-admin/enterprise-monitoring-observability-evidence-v1/scripts/checks/4501-storage-monitoring-tool-inventory-presence-summary.ps1","0224644ad734998ff166b9ceb7538a4c3358dac45d218440ff84355c27b711c2","False","False","False","safe sanitized evidence only"
"4502","STORAGE_ENTERPRISE_MONITORING_OBSERVABILITY_EVIDENCE_V1_STORAGE_MONITORING_TOOL_INVENTORY_STATUS_SUMMARY_V1","Storage Monitoring Tool Inventory Status Summary","enterprise-monitoring-observability-evidence-v1","action-layers/windows/storage-admin/enterprise-monitoring-observability-evidence-v1/scripts/checks/4502-storage-monitoring-tool-inventory-status-summary.ps1","ff5a036687ad71f94a19b0f2622237f0df06d54414d93e9e3cd43ca872d4c8c7","False","False","False","safe sanitized evidence only"
"4503","STORAGE_ENTERPRISE_MONITORING_OBSERVABILITY_EVIDENCE_V1_STORAGE_MONITORING_TOOL_INVENTORY_CONFIGURATION_SUMMARY_V1","Storage Monitoring Tool Inventory Configuration Summary","enterprise-monitoring-observability-evidence-v1","action-layers/windows/storage-admin/enterprise-monitoring-observability-evidence-v1/scripts/checks/4503-storage-monitoring-tool-inventory-configuration-summary.ps1","a2014640f47ecdcffae44778b4879023087009c08bbc4948d91f436c63b9a7ca","False","False","False","safe sanitized evidence only"
"4504","STORAGE_ENTERPRISE_MONITORING_OBSERVABILITY_EVIDENCE_V1_STORAGE_MONITORING_TOOL_INVENTORY_COUNT_SUMMARY_V1","Storage Monitoring Tool Inventory Count Summary","enterprise-monitoring-observability-evidence-v1","action-layers/windows/storage-admin/enterprise-monitoring-observability-evidence-v1/scripts/checks/4504-storage-monitoring-tool-inventory-count-summary.ps1","70c7e21e243af47561816b4a9fb610754a85d56c08c7b6dfefa403d9e232c36c","False","False","False","safe sanitized evidence only"
"4505","STORAGE_ENTERPRISE_MONITORING_OBSERVABILITY_EVIDENCE_V1_STORAGE_MONITORING_TOOL_INVENTORY_RISK_CATEGORY_SUMMARY_V1","Storage Monitoring Tool Inventory Risk Category Summary","enterprise-monitoring-observability-evidence-v1","action-layers/windows/storage-admin/enterprise-monitoring-observability-evidence-v1/scripts/checks/4505-storage-monitoring-tool-inventory-risk-category-summary.ps1","a4cdce4605c5961fe2ac284aaf82b5cf11ae48c63c064680830b67f8e707e057","False","False","False","safe sanitized evidence only"
"4506","STORAGE_ENTERPRISE_MONITORING_OBSERVABILITY_EVIDENCE_V1_STORAGE_MONITORING_TOOL_INVENTORY_EVENT_COUNT_24H_V1","Storage Monitoring Tool Inventory Event Count 24h","enterprise-monitoring-observability-evidence-v1","action-layers/windows/storage-admin/enterprise-monitoring-observability-evidence-v1/scripts/checks/4506-storage-monitoring-tool-inventory-event-count-24h.ps1","4c005d7d12365c11e298c404f9274b791bc59e2f49197c5728502bd84448c1e0","False","False","False","safe sanitized evidence only"
"4507","STORAGE_ENTERPRISE_MONITORING_OBSERVABILITY_EVIDENCE_V1_STORAGE_MONITORING_TOOL_INVENTORY_EVENT_COUNT_7D_V1","Storage Monitoring Tool Inventory Event Count 7d","enterprise-monitoring-observability-evidence-v1","action-layers/windows/storage-admin/enterprise-monitoring-observability-evidence-v1/scripts/checks/4507-storage-monitoring-tool-inventory-event-count-7d.ps1","85e3778134ccc8c298db6b58c46efff7e39460ec5d0871675f623a6f4021d22f","False","False","False","safe sanitized evidence only"
"4508","STORAGE_ENTERPRISE_MONITORING_OBSERVABILITY_EVIDENCE_V1_STORAGE_MONITORING_TOOL_INVENTORY_GUIDANCE_PLAN_V1","Storage Monitoring Tool Inventory Guidance Plan","enterprise-monitoring-observability-evidence-v1","action-layers/windows/storage-admin/enterprise-monitoring-observability-evidence-v1/scripts/checks/4508-storage-monitoring-tool-inventory-guidance-plan.ps1","a9977a387a40f9f906803afab6af52b0c8f58acaecbd2ea6af8a92f1fd99d74a","False","False","False","safe sanitized evidence only"
"4509","STORAGE_ENTERPRISE_MONITORING_OBSERVABILITY_EVIDENCE_V1_STORAGE_MONITORING_TOOL_INVENTORY_QUESTION_PLAN_V1","Storage Monitoring Tool Inventory Question Plan","enterprise-monitoring-observability-evidence-v1","action-layers/windows/storage-admin/enterprise-monitoring-observability-evidence-v1/scripts/checks/4509-storage-monitoring-tool-inventory-question-plan.ps1","9172abc9850be5ed071f4ed5a7259526fef6ff1c5394f6cb3bbc2de681b7d88b","False","False","False","safe sanitized evidence only"
"4510","STORAGE_ENTERPRISE_MONITORING_OBSERVABILITY_EVIDENCE_V1_STORAGE_MONITORING_TOOL_INVENTORY_RUNNER_SUMMARY_V1","Storage Monitoring Tool Inventory Runner Summary","enterprise-monitoring-observability-evidence-v1","action-layers/windows/storage-admin/enterprise-monitoring-observability-evidence-v1/scripts/checks/4510-storage-monitoring-tool-inventory-runner-summary.ps1","385eb5345abcfd517073bdea028ee6c5353f82b8ad2bd7c0ddb72e53365403e6","False","False","False","safe sanitized evidence only"
"4511","STORAGE_ENTERPRISE_MONITORING_OBSERVABILITY_EVIDENCE_V1_SNMP_TRAP_DESTINATION_POSTURE_PRESENCE_SUMMARY_V1","Snmp Trap Destination Posture Presence Summary","enterprise-monitoring-observability-evidence-v1","action-layers/windows/storage-admin/enterprise-monitoring-observability-evidence-v1/scripts/checks/4511-snmp-trap-destination-posture-presence-summary.ps1","af13c1932518506c493c2877fe641d19f27578f3a34f163433eeef8430e5fb5a","False","False","False","safe sanitized evidence only"
"4512","STORAGE_ENTERPRISE_MONITORING_OBSERVABILITY_EVIDENCE_V1_SNMP_TRAP_DESTINATION_POSTURE_STATUS_SUMMARY_V1","Snmp Trap Destination Posture Status Summary","enterprise-monitoring-observability-evidence-v1","action-layers/windows/storage-admin/enterprise-monitoring-observability-evidence-v1/scripts/checks/4512-snmp-trap-destination-posture-status-summary.ps1","5a7f56390d3fd9b5f15dd003cf7d45a018693a2dfbaad5cd0fb948379695e1df","False","False","False","safe sanitized evidence only"
"4513","STORAGE_ENTERPRISE_MONITORING_OBSERVABILITY_EVIDENCE_V1_SNMP_TRAP_DESTINATION_POSTURE_CONFIGURATION_SUMMARY_V1","Snmp Trap Destination Posture Configuration Summary","enterprise-monitoring-observability-evidence-v1","action-layers/windows/storage-admin/enterprise-monitoring-observability-evidence-v1/scripts/checks/4513-snmp-trap-destination-posture-configuration-summary.ps1","18bd1448ed891402fae360e2c1ab25110573231c96f36419281682dfd19b051e","False","False","False","safe sanitized evidence only"
"4514","STORAGE_ENTERPRISE_MONITORING_OBSERVABILITY_EVIDENCE_V1_SNMP_TRAP_DESTINATION_POSTURE_COUNT_SUMMARY_V1","Snmp Trap Destination Posture Count Summary","enterprise-monitoring-observability-evidence-v1","action-layers/windows/storage-admin/enterprise-monitoring-observability-evidence-v1/scripts/checks/4514-snmp-trap-destination-posture-count-summary.ps1","42725c124eb73417cf3ec032001fc2c0d6627aaf2cb42abef0a658dcb0e12e7f","False","False","False","safe sanitized evidence only"
"4515","STORAGE_ENTERPRISE_MONITORING_OBSERVABILITY_EVIDENCE_V1_SNMP_TRAP_DESTINATION_POSTURE_RISK_CATEGORY_SUMMARY_V1","Snmp Trap Destination Posture Risk Category Summary","enterprise-monitoring-observability-evidence-v1","action-layers/windows/storage-admin/enterprise-monitoring-observability-evidence-v1/scripts/checks/4515-snmp-trap-destination-posture-risk-category-summary.ps1","d7efcb3e8cd6b44951c8225bbfe07bd6a487b2b80ee48c2739206bd1eb242964","False","False","False","safe sanitized evidence only"
"4516","STORAGE_ENTERPRISE_MONITORING_OBSERVABILITY_EVIDENCE_V1_SNMP_TRAP_DESTINATION_POSTURE_EVENT_COUNT_24H_V1","Snmp Trap Destination Posture Event Count 24h","enterprise-monitoring-observability-evidence-v1","action-layers/windows/storage-admin/enterprise-monitoring-observability-evidence-v1/scripts/checks/4516-snmp-trap-destination-posture-event-count-24h.ps1","21d1aa08e0bb8ee76ba07e3191e4b7acdac71f1914e9d751399c1424397bcba6","False","False","False","safe sanitized evidence only"
"4517","STORAGE_ENTERPRISE_MONITORING_OBSERVABILITY_EVIDENCE_V1_SNMP_TRAP_DESTINATION_POSTURE_EVENT_COUNT_7D_V1","Snmp Trap Destination Posture Event Count 7d","enterprise-monitoring-observability-evidence-v1","action-layers/windows/storage-admin/enterprise-monitoring-observability-evidence-v1/scripts/checks/4517-snmp-trap-destination-posture-event-count-7d.ps1","78d9605f3cec1a2c2d124b72c9e06cac42ada67213a9475743952f38e389618f","False","False","False","safe sanitized evidence only"
"4518","STORAGE_ENTERPRISE_MONITORING_OBSERVABILITY_EVIDENCE_V1_SNMP_TRAP_DESTINATION_POSTURE_GUIDANCE_PLAN_V1","Snmp Trap Destination Posture Guidance Plan","enterprise-monitoring-observability-evidence-v1","action-layers/windows/storage-admin/enterprise-monitoring-observability-evidence-v1/scripts/checks/4518-snmp-trap-destination-posture-guidance-plan.ps1","903ac53b7662044b020ff3154cb031600ce11a835e68bfa24f79260285c19723","False","False","False","safe sanitized evidence only"
"4519","STORAGE_ENTERPRISE_MONITORING_OBSERVABILITY_EVIDENCE_V1_SNMP_TRAP_DESTINATION_POSTURE_QUESTION_PLAN_V1","Snmp Trap Destination Posture Question Plan","enterprise-monitoring-observability-evidence-v1","action-layers/windows/storage-admin/enterprise-monitoring-observability-evidence-v1/scripts/checks/4519-snmp-trap-destination-posture-question-plan.ps1","d68d79f92e8593446ae2ae5f8da5d06ada156e5418f3e8b04bdb19b4e7b28051","False","False","False","safe sanitized evidence only"
"4520","STORAGE_ENTERPRISE_MONITORING_OBSERVABILITY_EVIDENCE_V1_SNMP_TRAP_DESTINATION_POSTURE_RUNNER_SUMMARY_V1","Snmp Trap Destination Posture Runner Summary","enterprise-monitoring-observability-evidence-v1","action-layers/windows/storage-admin/enterprise-monitoring-observability-evidence-v1/scripts/checks/4520-snmp-trap-destination-posture-runner-summary.ps1","97635213779894ec8ffa93b6f4bac0c1caad1477097551c118df54c3e78fdaae","False","False","False","safe sanitized evidence only"
"4521","STORAGE_ENTERPRISE_MONITORING_OBSERVABILITY_EVIDENCE_V1_SYSLOG_FORWARDING_POSTURE_PRESENCE_SUMMARY_V1","Syslog Forwarding Posture Presence Summary","enterprise-monitoring-observability-evidence-v1","action-layers/windows/storage-admin/enterprise-monitoring-observability-evidence-v1/scripts/checks/4521-syslog-forwarding-posture-presence-summary.ps1","b704947443f6f10c21c040f740a4e0e8913ea2f46a7868e031a698a80582e54b","False","False","False","safe sanitized evidence only"
"4522","STORAGE_ENTERPRISE_MONITORING_OBSERVABILITY_EVIDENCE_V1_SYSLOG_FORWARDING_POSTURE_STATUS_SUMMARY_V1","Syslog Forwarding Posture Status Summary","enterprise-monitoring-observability-evidence-v1","action-layers/windows/storage-admin/enterprise-monitoring-observability-evidence-v1/scripts/checks/4522-syslog-forwarding-posture-status-summary.ps1","c32aae17a3ee6bcf1886e7fa86a9d0c35f567a70b42be7f9e5ded5fbc149209d","False","False","False","safe sanitized evidence only"
"4523","STORAGE_ENTERPRISE_MONITORING_OBSERVABILITY_EVIDENCE_V1_SYSLOG_FORWARDING_POSTURE_CONFIGURATION_SUMMARY_V1","Syslog Forwarding Posture Configuration Summary","enterprise-monitoring-observability-evidence-v1","action-layers/windows/storage-admin/enterprise-monitoring-observability-evidence-v1/scripts/checks/4523-syslog-forwarding-posture-configuration-summary.ps1","400c3a72e354c57ce0052f1ca1c3a32b51f512393ed64c04ff170f24b6f7866a","False","False","False","safe sanitized evidence only"
"4524","STORAGE_ENTERPRISE_MONITORING_OBSERVABILITY_EVIDENCE_V1_SYSLOG_FORWARDING_POSTURE_COUNT_SUMMARY_V1","Syslog Forwarding Posture Count Summary","enterprise-monitoring-observability-evidence-v1","action-layers/windows/storage-admin/enterprise-monitoring-observability-evidence-v1/scripts/checks/4524-syslog-forwarding-posture-count-summary.ps1","d2da341871e2e616fbd32a4c4152439476541e4cd5de4f771a02539e9528a8da","False","False","False","safe sanitized evidence only"
"4525","STORAGE_ENTERPRISE_MONITORING_OBSERVABILITY_EVIDENCE_V1_SYSLOG_FORWARDING_POSTURE_RISK_CATEGORY_SUMMARY_V1","Syslog Forwarding Posture Risk Category Summary","enterprise-monitoring-observability-evidence-v1","action-layers/windows/storage-admin/enterprise-monitoring-observability-evidence-v1/scripts/checks/4525-syslog-forwarding-posture-risk-category-summary.ps1","3d54bb1541c7736500dbc2ef3efff7e9696212c1857f64215ee1444a4f83911f","False","False","False","safe sanitized evidence only"
"4526","STORAGE_ENTERPRISE_MONITORING_OBSERVABILITY_EVIDENCE_V1_SYSLOG_FORWARDING_POSTURE_EVENT_COUNT_24H_V1","Syslog Forwarding Posture Event Count 24h","enterprise-monitoring-observability-evidence-v1","action-layers/windows/storage-admin/enterprise-monitoring-observability-evidence-v1/scripts/checks/4526-syslog-forwarding-posture-event-count-24h.ps1","0a4d0dd133b1bca24ffc68aeca4619808db37f06c1b52d2ec00089be0a66f588","False","False","False","safe sanitized evidence only"
"4527","STORAGE_ENTERPRISE_MONITORING_OBSERVABILITY_EVIDENCE_V1_SYSLOG_FORWARDING_POSTURE_EVENT_COUNT_7D_V1","Syslog Forwarding Posture Event Count 7d","enterprise-monitoring-observability-evidence-v1","action-layers/windows/storage-admin/enterprise-monitoring-observability-evidence-v1/scripts/checks/4527-syslog-forwarding-posture-event-count-7d.ps1","ec670d89c921b37e65e4407ddb4eb3a83d8dc45ae9601ebb0a51c49ab059985a","False","False","False","safe sanitized evidence only"
"4528","STORAGE_ENTERPRISE_MONITORING_OBSERVABILITY_EVIDENCE_V1_SYSLOG_FORWARDING_POSTURE_GUIDANCE_PLAN_V1","Syslog Forwarding Posture Guidance Plan","enterprise-monitoring-observability-evidence-v1","action-layers/windows/storage-admin/enterprise-monitoring-observability-evidence-v1/scripts/checks/4528-syslog-forwarding-posture-guidance-plan.ps1","79c6f67faebb139c023daa001086c89dc330cd4de26a1ab7f32c7b49184a9c3c","False","False","False","safe sanitized evidence only"
"4529","STORAGE_ENTERPRISE_MONITORING_OBSERVABILITY_EVIDENCE_V1_SYSLOG_FORWARDING_POSTURE_QUESTION_PLAN_V1","Syslog Forwarding Posture Question Plan","enterprise-monitoring-observability-evidence-v1","action-layers/windows/storage-admin/enterprise-monitoring-observability-evidence-v1/scripts/checks/4529-syslog-forwarding-posture-question-plan.ps1","d49a5aea51f349a9ab3d7b9405810df57f3a81737eb334839c9216a708c435d4","False","False","False","safe sanitized evidence only"
"4530","STORAGE_ENTERPRISE_MONITORING_OBSERVABILITY_EVIDENCE_V1_SYSLOG_FORWARDING_POSTURE_RUNNER_SUMMARY_V1","Syslog Forwarding Posture Runner Summary","enterprise-monitoring-observability-evidence-v1","action-layers/windows/storage-admin/enterprise-monitoring-observability-evidence-v1/scripts/checks/4530-syslog-forwarding-posture-runner-summary.ps1","e688496c0eab493de1b2723d15a0be471586fb388b6e9ad90c8ba1a86cd1d438","False","False","False","safe sanitized evidence only"
"4531","STORAGE_ENTERPRISE_MONITORING_OBSERVABILITY_EVIDENCE_V1_EMAIL_ALERT_ROUTING_HEALTH_PRESENCE_SUMMARY_V1","Email Alert Routing Health Presence Summary","enterprise-monitoring-observability-evidence-v1","action-layers/windows/storage-admin/enterprise-monitoring-observability-evidence-v1/scripts/checks/4531-email-alert-routing-health-presence-summary.ps1","ee281a18f93b109057af686b9c603427a166906fb5c306498902ee66ccfd3a76","False","False","False","safe sanitized evidence only"
"4532","STORAGE_ENTERPRISE_MONITORING_OBSERVABILITY_EVIDENCE_V1_EMAIL_ALERT_ROUTING_HEALTH_STATUS_SUMMARY_V1","Email Alert Routing Health Status Summary","enterprise-monitoring-observability-evidence-v1","action-layers/windows/storage-admin/enterprise-monitoring-observability-evidence-v1/scripts/checks/4532-email-alert-routing-health-status-summary.ps1","f3ff875ef786bc831ff96fb46691a053c8424a156e52383f12cb1912d5fc3e2a","False","False","False","safe sanitized evidence only"
"4533","STORAGE_ENTERPRISE_MONITORING_OBSERVABILITY_EVIDENCE_V1_EMAIL_ALERT_ROUTING_HEALTH_CONFIGURATION_SUMMARY_V1","Email Alert Routing Health Configuration Summary","enterprise-monitoring-observability-evidence-v1","action-layers/windows/storage-admin/enterprise-monitoring-observability-evidence-v1/scripts/checks/4533-email-alert-routing-health-configuration-summary.ps1","bcdde66ce62b856cfa004a37274d25f92ca41746437290c61aa7b368d8b06b7a","False","False","False","safe sanitized evidence only"
"4534","STORAGE_ENTERPRISE_MONITORING_OBSERVABILITY_EVIDENCE_V1_EMAIL_ALERT_ROUTING_HEALTH_COUNT_SUMMARY_V1","Email Alert Routing Health Count Summary","enterprise-monitoring-observability-evidence-v1","action-layers/windows/storage-admin/enterprise-monitoring-observability-evidence-v1/scripts/checks/4534-email-alert-routing-health-count-summary.ps1","94c1e273961887c9d4cfb7c03265fdb07fbb2005180188b88cabadc10cd1c257","False","False","False","safe sanitized evidence only"
"4535","STORAGE_ENTERPRISE_MONITORING_OBSERVABILITY_EVIDENCE_V1_EMAIL_ALERT_ROUTING_HEALTH_RISK_CATEGORY_SUMMARY_V1","Email Alert Routing Health Risk Category Summary","enterprise-monitoring-observability-evidence-v1","action-layers/windows/storage-admin/enterprise-monitoring-observability-evidence-v1/scripts/checks/4535-email-alert-routing-health-risk-category-summary.ps1","9368491660d35dff03c1a8c7a2269d160082df9897a1fd41f77f8ca55c5b1538","False","False","False","safe sanitized evidence only"
"4536","STORAGE_ENTERPRISE_MONITORING_OBSERVABILITY_EVIDENCE_V1_EMAIL_ALERT_ROUTING_HEALTH_EVENT_COUNT_24H_V1","Email Alert Routing Health Event Count 24h","enterprise-monitoring-observability-evidence-v1","action-layers/windows/storage-admin/enterprise-monitoring-observability-evidence-v1/scripts/checks/4536-email-alert-routing-health-event-count-24h.ps1","1fb2b6c8fe434d26da680357ddd1f147ee58bd1be71c8ea4db809de8b02ec807","False","False","False","safe sanitized evidence only"
"4537","STORAGE_ENTERPRISE_MONITORING_OBSERVABILITY_EVIDENCE_V1_EMAIL_ALERT_ROUTING_HEALTH_EVENT_COUNT_7D_V1","Email Alert Routing Health Event Count 7d","enterprise-monitoring-observability-evidence-v1","action-layers/windows/storage-admin/enterprise-monitoring-observability-evidence-v1/scripts/checks/4537-email-alert-routing-health-event-count-7d.ps1","488c1e5fd14de990d50ecd40cdd30cfb1fc5203d3d99b8a9711536b1e98f1da3","False","False","False","safe sanitized evidence only"
"4538","STORAGE_ENTERPRISE_MONITORING_OBSERVABILITY_EVIDENCE_V1_EMAIL_ALERT_ROUTING_HEALTH_GUIDANCE_PLAN_V1","Email Alert Routing Health Guidance Plan","enterprise-monitoring-observability-evidence-v1","action-layers/windows/storage-admin/enterprise-monitoring-observability-evidence-v1/scripts/checks/4538-email-alert-routing-health-guidance-plan.ps1","573518859a604f184945537902a845b66985d3e52377d5b30eda374a626fd6f8","False","False","False","safe sanitized evidence only"
"4539","STORAGE_ENTERPRISE_MONITORING_OBSERVABILITY_EVIDENCE_V1_EMAIL_ALERT_ROUTING_HEALTH_QUESTION_PLAN_V1","Email Alert Routing Health Question Plan","enterprise-monitoring-observability-evidence-v1","action-layers/windows/storage-admin/enterprise-monitoring-observability-evidence-v1/scripts/checks/4539-email-alert-routing-health-question-plan.ps1","b0e631c34d4df431a3009a0b7ecad49d88cd00aee054e366976a8e0ea29d4b1c","False","False","False","safe sanitized evidence only"
"4540","STORAGE_ENTERPRISE_MONITORING_OBSERVABILITY_EVIDENCE_V1_EMAIL_ALERT_ROUTING_HEALTH_RUNNER_SUMMARY_V1","Email Alert Routing Health Runner Summary","enterprise-monitoring-observability-evidence-v1","action-layers/windows/storage-admin/enterprise-monitoring-observability-evidence-v1/scripts/checks/4540-email-alert-routing-health-runner-summary.ps1","fc6ded3cceb13b010d2221fdedf9efda1826fd8c4da6209c12505f410c8567b2","False","False","False","safe sanitized evidence only"
"4541","STORAGE_ENTERPRISE_MONITORING_OBSERVABILITY_EVIDENCE_V1_SERVICENOW_ALERT_INTEGRATION_PRESENCE_SUMMARY_V1","Servicenow Alert Integration Presence Summary","enterprise-monitoring-observability-evidence-v1","action-layers/windows/storage-admin/enterprise-monitoring-observability-evidence-v1/scripts/checks/4541-servicenow-alert-integration-presence-summary.ps1","916021221be2fecf0d2abd6050371cb3e81399dd4708f5dd596ac29ccd5b559c","False","False","False","safe sanitized evidence only"
"4542","STORAGE_ENTERPRISE_MONITORING_OBSERVABILITY_EVIDENCE_V1_SERVICENOW_ALERT_INTEGRATION_STATUS_SUMMARY_V1","Servicenow Alert Integration Status Summary","enterprise-monitoring-observability-evidence-v1","action-layers/windows/storage-admin/enterprise-monitoring-observability-evidence-v1/scripts/checks/4542-servicenow-alert-integration-status-summary.ps1","c0dd9e36bd60425b2cd5fd3299b2c318056fdb0f2a5436a6f04f258249dfb738","False","False","False","safe sanitized evidence only"
"4543","STORAGE_ENTERPRISE_MONITORING_OBSERVABILITY_EVIDENCE_V1_SERVICENOW_ALERT_INTEGRATION_CONFIGURATION_SUMMARY_V1","Servicenow Alert Integration Configuration Summary","enterprise-monitoring-observability-evidence-v1","action-layers/windows/storage-admin/enterprise-monitoring-observability-evidence-v1/scripts/checks/4543-servicenow-alert-integration-configuration-summary.ps1","65148dd0946527018a8984339888a88ee117c7407050eeeab029aa203a7584c8","False","False","False","safe sanitized evidence only"
"4544","STORAGE_ENTERPRISE_MONITORING_OBSERVABILITY_EVIDENCE_V1_SERVICENOW_ALERT_INTEGRATION_COUNT_SUMMARY_V1","Servicenow Alert Integration Count Summary","enterprise-monitoring-observability-evidence-v1","action-layers/windows/storage-admin/enterprise-monitoring-observability-evidence-v1/scripts/checks/4544-servicenow-alert-integration-count-summary.ps1","3577c406f212a6e7d941363b9ab9b68ed8da6ce69920d48cfa29d58f0e8b57e3","False","False","False","safe sanitized evidence only"
"4545","STORAGE_ENTERPRISE_MONITORING_OBSERVABILITY_EVIDENCE_V1_SERVICENOW_ALERT_INTEGRATION_RISK_CATEGORY_SUMMARY_V1","Servicenow Alert Integration Risk Category Summary","enterprise-monitoring-observability-evidence-v1","action-layers/windows/storage-admin/enterprise-monitoring-observability-evidence-v1/scripts/checks/4545-servicenow-alert-integration-risk-category-summary.ps1","441704ca44f471640c62c7af6e2503a4dc915871d8a047dce59a46638112e035","False","False","False","safe sanitized evidence only"
"4546","STORAGE_ENTERPRISE_MONITORING_OBSERVABILITY_EVIDENCE_V1_SERVICENOW_ALERT_INTEGRATION_EVENT_COUNT_24H_V1","Servicenow Alert Integration Event Count 24h","enterprise-monitoring-observability-evidence-v1","action-layers/windows/storage-admin/enterprise-monitoring-observability-evidence-v1/scripts/checks/4546-servicenow-alert-integration-event-count-24h.ps1","eedc6854e9c8dac962c13b54603f3b0f296270451e1186632fd613eb73eeff6c","False","False","False","safe sanitized evidence only"
"4547","STORAGE_ENTERPRISE_MONITORING_OBSERVABILITY_EVIDENCE_V1_SERVICENOW_ALERT_INTEGRATION_EVENT_COUNT_7D_V1","Servicenow Alert Integration Event Count 7d","enterprise-monitoring-observability-evidence-v1","action-layers/windows/storage-admin/enterprise-monitoring-observability-evidence-v1/scripts/checks/4547-servicenow-alert-integration-event-count-7d.ps1","13db3e3829be82b1bb771343bb4aa230db7def9184631f244c09e3faac5ddb2b","False","False","False","safe sanitized evidence only"
"4548","STORAGE_ENTERPRISE_MONITORING_OBSERVABILITY_EVIDENCE_V1_SERVICENOW_ALERT_INTEGRATION_GUIDANCE_PLAN_V1","Servicenow Alert Integration Guidance Plan","enterprise-monitoring-observability-evidence-v1","action-layers/windows/storage-admin/enterprise-monitoring-observability-evidence-v1/scripts/checks/4548-servicenow-alert-integration-guidance-plan.ps1","d0beebc48435a22b6552632a04c666ffe26e585d947b9af5ec0bb73d6bcda17c","False","False","False","safe sanitized evidence only"
"4549","STORAGE_ENTERPRISE_MONITORING_OBSERVABILITY_EVIDENCE_V1_SERVICENOW_ALERT_INTEGRATION_QUESTION_PLAN_V1","Servicenow Alert Integration Question Plan","enterprise-monitoring-observability-evidence-v1","action-layers/windows/storage-admin/enterprise-monitoring-observability-evidence-v1/scripts/checks/4549-servicenow-alert-integration-question-plan.ps1","8ac521a552bd56bbe82f817ab959a135da460fc4081b4fb4f61af252b5fad136","False","False","False","safe sanitized evidence only"
"4550","STORAGE_ENTERPRISE_MONITORING_OBSERVABILITY_EVIDENCE_V1_SERVICENOW_ALERT_INTEGRATION_RUNNER_SUMMARY_V1","Servicenow Alert Integration Runner Summary","enterprise-monitoring-observability-evidence-v1","action-layers/windows/storage-admin/enterprise-monitoring-observability-evidence-v1/scripts/checks/4550-servicenow-alert-integration-runner-summary.ps1","c2851d73f6a3eb410be3f45fc8b93c1ef7f2697534f8b7367f1fb458a49489fe","False","False","False","safe sanitized evidence only"
"4551","STORAGE_ENTERPRISE_MONITORING_OBSERVABILITY_EVIDENCE_V1_SPLUNK_LOG_INGESTION_POSTURE_PRESENCE_SUMMARY_V1","Splunk Log Ingestion Posture Presence Summary","enterprise-monitoring-observability-evidence-v1","action-layers/windows/storage-admin/enterprise-monitoring-observability-evidence-v1/scripts/checks/4551-splunk-log-ingestion-posture-presence-summary.ps1","1a8100bb6da03c0f55ba80883c4a8b5de57256e2dd94e95f67d01127b02b9982","False","False","False","safe sanitized evidence only"
"4552","STORAGE_ENTERPRISE_MONITORING_OBSERVABILITY_EVIDENCE_V1_SPLUNK_LOG_INGESTION_POSTURE_STATUS_SUMMARY_V1","Splunk Log Ingestion Posture Status Summary","enterprise-monitoring-observability-evidence-v1","action-layers/windows/storage-admin/enterprise-monitoring-observability-evidence-v1/scripts/checks/4552-splunk-log-ingestion-posture-status-summary.ps1","40d343df392eab3f60d29d88e5db87a8bec267d1f021669d0c73cac6a07f042b","False","False","False","safe sanitized evidence only"
"4553","STORAGE_ENTERPRISE_MONITORING_OBSERVABILITY_EVIDENCE_V1_SPLUNK_LOG_INGESTION_POSTURE_CONFIGURATION_SUMMARY_V1","Splunk Log Ingestion Posture Configuration Summary","enterprise-monitoring-observability-evidence-v1","action-layers/windows/storage-admin/enterprise-monitoring-observability-evidence-v1/scripts/checks/4553-splunk-log-ingestion-posture-configuration-summary.ps1","eea8e1d7c54dc26cd82b23a24cb5b8be17211a286e67a0d9090495263e744fcf","False","False","False","safe sanitized evidence only"
"4554","STORAGE_ENTERPRISE_MONITORING_OBSERVABILITY_EVIDENCE_V1_SPLUNK_LOG_INGESTION_POSTURE_COUNT_SUMMARY_V1","Splunk Log Ingestion Posture Count Summary","enterprise-monitoring-observability-evidence-v1","action-layers/windows/storage-admin/enterprise-monitoring-observability-evidence-v1/scripts/checks/4554-splunk-log-ingestion-posture-count-summary.ps1","fca04b6b3f9ca94ec375d4733ebe763834b9a6200bb007a5a2cc9f7959fea0a7","False","False","False","safe sanitized evidence only"
"4555","STORAGE_ENTERPRISE_MONITORING_OBSERVABILITY_EVIDENCE_V1_SPLUNK_LOG_INGESTION_POSTURE_RISK_CATEGORY_SUMMARY_V1","Splunk Log Ingestion Posture Risk Category Summary","enterprise-monitoring-observability-evidence-v1","action-layers/windows/storage-admin/enterprise-monitoring-observability-evidence-v1/scripts/checks/4555-splunk-log-ingestion-posture-risk-category-summary.ps1","328a0c2eba4328260f062b96336d0745ed14d2aa8fc8a85c3304f0b3366ab1a3","False","False","False","safe sanitized evidence only"
"4556","STORAGE_ENTERPRISE_MONITORING_OBSERVABILITY_EVIDENCE_V1_SPLUNK_LOG_INGESTION_POSTURE_EVENT_COUNT_24H_V1","Splunk Log Ingestion Posture Event Count 24h","enterprise-monitoring-observability-evidence-v1","action-layers/windows/storage-admin/enterprise-monitoring-observability-evidence-v1/scripts/checks/4556-splunk-log-ingestion-posture-event-count-24h.ps1","995128e210049f50acb31a6d81bbfbec6268c384e432140f465ebb05e7d8de72","False","False","False","safe sanitized evidence only"
"4557","STORAGE_ENTERPRISE_MONITORING_OBSERVABILITY_EVIDENCE_V1_SPLUNK_LOG_INGESTION_POSTURE_EVENT_COUNT_7D_V1","Splunk Log Ingestion Posture Event Count 7d","enterprise-monitoring-observability-evidence-v1","action-layers/windows/storage-admin/enterprise-monitoring-observability-evidence-v1/scripts/checks/4557-splunk-log-ingestion-posture-event-count-7d.ps1","1bbfd8eb1654c00a1538826ec4fb1694a4664138f0f65101eadb2650647103f5","False","False","False","safe sanitized evidence only"
"4558","STORAGE_ENTERPRISE_MONITORING_OBSERVABILITY_EVIDENCE_V1_SPLUNK_LOG_INGESTION_POSTURE_GUIDANCE_PLAN_V1","Splunk Log Ingestion Posture Guidance Plan","enterprise-monitoring-observability-evidence-v1","action-layers/windows/storage-admin/enterprise-monitoring-observability-evidence-v1/scripts/checks/4558-splunk-log-ingestion-posture-guidance-plan.ps1","1c2ded1ba9d366db6b497e1856d94a7f4ee8ecba909670d9681f3e7a23977a0f","False","False","False","safe sanitized evidence only"
"4559","STORAGE_ENTERPRISE_MONITORING_OBSERVABILITY_EVIDENCE_V1_SPLUNK_LOG_INGESTION_POSTURE_QUESTION_PLAN_V1","Splunk Log Ingestion Posture Question Plan","enterprise-monitoring-observability-evidence-v1","action-layers/windows/storage-admin/enterprise-monitoring-observability-evidence-v1/scripts/checks/4559-splunk-log-ingestion-posture-question-plan.ps1","ff1ee406c75fea7f2e0d87d01a4644145603712084785211129928e9efe32475","False","False","False","safe sanitized evidence only"
"4560","STORAGE_ENTERPRISE_MONITORING_OBSERVABILITY_EVIDENCE_V1_SPLUNK_LOG_INGESTION_POSTURE_RUNNER_SUMMARY_V1","Splunk Log Ingestion Posture Runner Summary","enterprise-monitoring-observability-evidence-v1","action-layers/windows/storage-admin/enterprise-monitoring-observability-evidence-v1/scripts/checks/4560-splunk-log-ingestion-posture-runner-summary.ps1","34f08585dfdb3bb184e8b4eff46a0c37873978802a52d8267c294e504ff354fe","False","False","False","safe sanitized evidence only"
"4561","STORAGE_ENTERPRISE_MONITORING_OBSERVABILITY_EVIDENCE_V1_GRAFANA_DASHBOARD_COVERAGE_PRESENCE_SUMMARY_V1","Grafana Dashboard Coverage Presence Summary","enterprise-monitoring-observability-evidence-v1","action-layers/windows/storage-admin/enterprise-monitoring-observability-evidence-v1/scripts/checks/4561-grafana-dashboard-coverage-presence-summary.ps1","37be28855af304697015b1f8988c76bcff2be4c522aabadf1639137af123e831","False","False","False","safe sanitized evidence only"
"4562","STORAGE_ENTERPRISE_MONITORING_OBSERVABILITY_EVIDENCE_V1_GRAFANA_DASHBOARD_COVERAGE_STATUS_SUMMARY_V1","Grafana Dashboard Coverage Status Summary","enterprise-monitoring-observability-evidence-v1","action-layers/windows/storage-admin/enterprise-monitoring-observability-evidence-v1/scripts/checks/4562-grafana-dashboard-coverage-status-summary.ps1","43fb1bfff49592c900162109a488fa053dabc62d2305c312f181ca98210ee421","False","False","False","safe sanitized evidence only"
"4563","STORAGE_ENTERPRISE_MONITORING_OBSERVABILITY_EVIDENCE_V1_GRAFANA_DASHBOARD_COVERAGE_CONFIGURATION_SUMMARY_V1","Grafana Dashboard Coverage Configuration Summary","enterprise-monitoring-observability-evidence-v1","action-layers/windows/storage-admin/enterprise-monitoring-observability-evidence-v1/scripts/checks/4563-grafana-dashboard-coverage-configuration-summary.ps1","361907330e97008511ede590c74d2bfdf30a1bb196efc50e6cd151dafb3947d6","False","False","False","safe sanitized evidence only"
"4564","STORAGE_ENTERPRISE_MONITORING_OBSERVABILITY_EVIDENCE_V1_GRAFANA_DASHBOARD_COVERAGE_COUNT_SUMMARY_V1","Grafana Dashboard Coverage Count Summary","enterprise-monitoring-observability-evidence-v1","action-layers/windows/storage-admin/enterprise-monitoring-observability-evidence-v1/scripts/checks/4564-grafana-dashboard-coverage-count-summary.ps1","67d0903e37e674be6c3450f21f5a2b01a544e4571a5337f129e24d83847982b1","False","False","False","safe sanitized evidence only"
"4565","STORAGE_ENTERPRISE_MONITORING_OBSERVABILITY_EVIDENCE_V1_GRAFANA_DASHBOARD_COVERAGE_RISK_CATEGORY_SUMMARY_V1","Grafana Dashboard Coverage Risk Category Summary","enterprise-monitoring-observability-evidence-v1","action-layers/windows/storage-admin/enterprise-monitoring-observability-evidence-v1/scripts/checks/4565-grafana-dashboard-coverage-risk-category-summary.ps1","d0cd554f3c26da89836ab4f9f7e60a2c59a46fc8ad636810707c93558e9208bb","False","False","False","safe sanitized evidence only"
"4566","STORAGE_ENTERPRISE_MONITORING_OBSERVABILITY_EVIDENCE_V1_GRAFANA_DASHBOARD_COVERAGE_EVENT_COUNT_24H_V1","Grafana Dashboard Coverage Event Count 24h","enterprise-monitoring-observability-evidence-v1","action-layers/windows/storage-admin/enterprise-monitoring-observability-evidence-v1/scripts/checks/4566-grafana-dashboard-coverage-event-count-24h.ps1","a724645697e2d257ebc1e9c70b4da1ccb73bdf758fdda5e8b8ea948698dc8d39","False","False","False","safe sanitized evidence only"
"4567","STORAGE_ENTERPRISE_MONITORING_OBSERVABILITY_EVIDENCE_V1_GRAFANA_DASHBOARD_COVERAGE_EVENT_COUNT_7D_V1","Grafana Dashboard Coverage Event Count 7d","enterprise-monitoring-observability-evidence-v1","action-layers/windows/storage-admin/enterprise-monitoring-observability-evidence-v1/scripts/checks/4567-grafana-dashboard-coverage-event-count-7d.ps1","93059089cd0a01e5708a6c65a2ae7edc224d33d9c29f8666fa13984089c95b39","False","False","False","safe sanitized evidence only"
"4568","STORAGE_ENTERPRISE_MONITORING_OBSERVABILITY_EVIDENCE_V1_GRAFANA_DASHBOARD_COVERAGE_GUIDANCE_PLAN_V1","Grafana Dashboard Coverage Guidance Plan","enterprise-monitoring-observability-evidence-v1","action-layers/windows/storage-admin/enterprise-monitoring-observability-evidence-v1/scripts/checks/4568-grafana-dashboard-coverage-guidance-plan.ps1","49742c682f62e0af44d26c9fc11a707677797053c9c892bac70a40f9e330d562","False","False","False","safe sanitized evidence only"
"4569","STORAGE_ENTERPRISE_MONITORING_OBSERVABILITY_EVIDENCE_V1_GRAFANA_DASHBOARD_COVERAGE_QUESTION_PLAN_V1","Grafana Dashboard Coverage Question Plan","enterprise-monitoring-observability-evidence-v1","action-layers/windows/storage-admin/enterprise-monitoring-observability-evidence-v1/scripts/checks/4569-grafana-dashboard-coverage-question-plan.ps1","289bad3b1c64670676e2252cfc867d01afd72790d407b25a9a6bc7e8ddf951b7","False","False","False","safe sanitized evidence only"
"4570","STORAGE_ENTERPRISE_MONITORING_OBSERVABILITY_EVIDENCE_V1_GRAFANA_DASHBOARD_COVERAGE_RUNNER_SUMMARY_V1","Grafana Dashboard Coverage Runner Summary","enterprise-monitoring-observability-evidence-v1","action-layers/windows/storage-admin/enterprise-monitoring-observability-evidence-v1/scripts/checks/4570-grafana-dashboard-coverage-runner-summary.ps1","d5ea718f203d3891615aac973aee456f40007ec707a34ca8e4459c702ad52216","False","False","False","safe sanitized evidence only"
"4571","STORAGE_ENTERPRISE_MONITORING_OBSERVABILITY_EVIDENCE_V1_PROMETHEUS_EXPORTER_COVERAGE_PRESENCE_SUMMARY_V1","Prometheus Exporter Coverage Presence Summary","enterprise-monitoring-observability-evidence-v1","action-layers/windows/storage-admin/enterprise-monitoring-observability-evidence-v1/scripts/checks/4571-prometheus-exporter-coverage-presence-summary.ps1","f4940c6b4b1f25691514b89f882c340bf751a4e5975349cd75138829a81a3ced","False","False","False","safe sanitized evidence only"
"4572","STORAGE_ENTERPRISE_MONITORING_OBSERVABILITY_EVIDENCE_V1_PROMETHEUS_EXPORTER_COVERAGE_STATUS_SUMMARY_V1","Prometheus Exporter Coverage Status Summary","enterprise-monitoring-observability-evidence-v1","action-layers/windows/storage-admin/enterprise-monitoring-observability-evidence-v1/scripts/checks/4572-prometheus-exporter-coverage-status-summary.ps1","d664097e792ba104a852c6a7ab7a67c4bd2ef019596473ee725625021a3d0926","False","False","False","safe sanitized evidence only"
"4573","STORAGE_ENTERPRISE_MONITORING_OBSERVABILITY_EVIDENCE_V1_PROMETHEUS_EXPORTER_COVERAGE_CONFIGURATION_SUMMARY_V1","Prometheus Exporter Coverage Configuration Summary","enterprise-monitoring-observability-evidence-v1","action-layers/windows/storage-admin/enterprise-monitoring-observability-evidence-v1/scripts/checks/4573-prometheus-exporter-coverage-configuration-summary.ps1","b87c42ed6f22880cfa1409a160cb62693086fef512885e01e9ec043c76226d51","False","False","False","safe sanitized evidence only"
"4574","STORAGE_ENTERPRISE_MONITORING_OBSERVABILITY_EVIDENCE_V1_PROMETHEUS_EXPORTER_COVERAGE_COUNT_SUMMARY_V1","Prometheus Exporter Coverage Count Summary","enterprise-monitoring-observability-evidence-v1","action-layers/windows/storage-admin/enterprise-monitoring-observability-evidence-v1/scripts/checks/4574-prometheus-exporter-coverage-count-summary.ps1","28a8dc39e90204319396c8bd870ac6c9ba55a56954f90d25aa5842019bbc5e76","False","False","False","safe sanitized evidence only"
"4575","STORAGE_ENTERPRISE_MONITORING_OBSERVABILITY_EVIDENCE_V1_PROMETHEUS_EXPORTER_COVERAGE_RISK_CATEGORY_SUMMARY_V1","Prometheus Exporter Coverage Risk Category Summary","enterprise-monitoring-observability-evidence-v1","action-layers/windows/storage-admin/enterprise-monitoring-observability-evidence-v1/scripts/checks/4575-prometheus-exporter-coverage-risk-category-summary.ps1","79eccffcb80e06eb2b912788694f2f3416dfbe718f1e8c6506198a843dc5f83e","False","False","False","safe sanitized evidence only"
"4576","STORAGE_ENTERPRISE_MONITORING_OBSERVABILITY_EVIDENCE_V1_PROMETHEUS_EXPORTER_COVERAGE_EVENT_COUNT_24H_V1","Prometheus Exporter Coverage Event Count 24h","enterprise-monitoring-observability-evidence-v1","action-layers/windows/storage-admin/enterprise-monitoring-observability-evidence-v1/scripts/checks/4576-prometheus-exporter-coverage-event-count-24h.ps1","5bf5b460c3d5a008877761e159ed41bcd09dcce0d822078837f7b04994e90cbc","False","False","False","safe sanitized evidence only"
"4577","STORAGE_ENTERPRISE_MONITORING_OBSERVABILITY_EVIDENCE_V1_PROMETHEUS_EXPORTER_COVERAGE_EVENT_COUNT_7D_V1","Prometheus Exporter Coverage Event Count 7d","enterprise-monitoring-observability-evidence-v1","action-layers/windows/storage-admin/enterprise-monitoring-observability-evidence-v1/scripts/checks/4577-prometheus-exporter-coverage-event-count-7d.ps1","63a79c665ec6fc5f962f0efb349840d2d6d380b5b0a900143d8583a6167dc67d","False","False","False","safe sanitized evidence only"
"4578","STORAGE_ENTERPRISE_MONITORING_OBSERVABILITY_EVIDENCE_V1_PROMETHEUS_EXPORTER_COVERAGE_GUIDANCE_PLAN_V1","Prometheus Exporter Coverage Guidance Plan","enterprise-monitoring-observability-evidence-v1","action-layers/windows/storage-admin/enterprise-monitoring-observability-evidence-v1/scripts/checks/4578-prometheus-exporter-coverage-guidance-plan.ps1","49b5c74fad5aef9a5e172b8a9a847f14eb703392dc7c4ceee5d5194b82f380c9","False","False","False","safe sanitized evidence only"
"4579","STORAGE_ENTERPRISE_MONITORING_OBSERVABILITY_EVIDENCE_V1_PROMETHEUS_EXPORTER_COVERAGE_QUESTION_PLAN_V1","Prometheus Exporter Coverage Question Plan","enterprise-monitoring-observability-evidence-v1","action-layers/windows/storage-admin/enterprise-monitoring-observability-evidence-v1/scripts/checks/4579-prometheus-exporter-coverage-question-plan.ps1","33edd873df24aee661e5d7958fb6f67a779bc7a146eff5edbd592d71a9b3774b","False","False","False","safe sanitized evidence only"
"4580","STORAGE_ENTERPRISE_MONITORING_OBSERVABILITY_EVIDENCE_V1_PROMETHEUS_EXPORTER_COVERAGE_RUNNER_SUMMARY_V1","Prometheus Exporter Coverage Runner Summary","enterprise-monitoring-observability-evidence-v1","action-layers/windows/storage-admin/enterprise-monitoring-observability-evidence-v1/scripts/checks/4580-prometheus-exporter-coverage-runner-summary.ps1","47d172feb13534a736c355658505e709cb4b8087c8acfb028a9c6af9861e0aa5","False","False","False","safe sanitized evidence only"
"4581","STORAGE_ENTERPRISE_MONITORING_OBSERVABILITY_EVIDENCE_V1_SCOM_STORAGE_MONITOR_COVERAGE_PRESENCE_SUMMARY_V1","Scom Storage Monitor Coverage Presence Summary","enterprise-monitoring-observability-evidence-v1","action-layers/windows/storage-admin/enterprise-monitoring-observability-evidence-v1/scripts/checks/4581-scom-storage-monitor-coverage-presence-summary.ps1","eb6d8378d6440da761a75f51ef7b8d75088e996c8501e108d86e2d01aff6c7b3","False","False","False","safe sanitized evidence only"
"4582","STORAGE_ENTERPRISE_MONITORING_OBSERVABILITY_EVIDENCE_V1_SCOM_STORAGE_MONITOR_COVERAGE_STATUS_SUMMARY_V1","Scom Storage Monitor Coverage Status Summary","enterprise-monitoring-observability-evidence-v1","action-layers/windows/storage-admin/enterprise-monitoring-observability-evidence-v1/scripts/checks/4582-scom-storage-monitor-coverage-status-summary.ps1","7ba4eb2b401ee38e04e07eaa2ac01195fd244d637c0f5e24d4e9e8a542e00664","False","False","False","safe sanitized evidence only"
"4583","STORAGE_ENTERPRISE_MONITORING_OBSERVABILITY_EVIDENCE_V1_SCOM_STORAGE_MONITOR_COVERAGE_CONFIGURATION_SUMMARY_V1","Scom Storage Monitor Coverage Configuration Summary","enterprise-monitoring-observability-evidence-v1","action-layers/windows/storage-admin/enterprise-monitoring-observability-evidence-v1/scripts/checks/4583-scom-storage-monitor-coverage-configuration-summary.ps1","4744ae675fea17559c0f994c9102a9fa5a76253dc9af2a5738d290a85d0762ab","False","False","False","safe sanitized evidence only"
"4584","STORAGE_ENTERPRISE_MONITORING_OBSERVABILITY_EVIDENCE_V1_SCOM_STORAGE_MONITOR_COVERAGE_COUNT_SUMMARY_V1","Scom Storage Monitor Coverage Count Summary","enterprise-monitoring-observability-evidence-v1","action-layers/windows/storage-admin/enterprise-monitoring-observability-evidence-v1/scripts/checks/4584-scom-storage-monitor-coverage-count-summary.ps1","5e4a1c8d011830696bff3f81fad0f738d721520e7eb7cb85ef503aa009d0056f","False","False","False","safe sanitized evidence only"
"4585","STORAGE_ENTERPRISE_MONITORING_OBSERVABILITY_EVIDENCE_V1_SCOM_STORAGE_MONITOR_COVERAGE_RISK_CATEGORY_SUMMARY_V1","Scom Storage Monitor Coverage Risk Category Summary","enterprise-monitoring-observability-evidence-v1","action-layers/windows/storage-admin/enterprise-monitoring-observability-evidence-v1/scripts/checks/4585-scom-storage-monitor-coverage-risk-category-summary.ps1","064eba9d1ac1470a1a5587daa8d982886131baf2c08bc22b255a6dcd85123d8b","False","False","False","safe sanitized evidence only"
"4586","STORAGE_ENTERPRISE_MONITORING_OBSERVABILITY_EVIDENCE_V1_SCOM_STORAGE_MONITOR_COVERAGE_EVENT_COUNT_24H_V1","Scom Storage Monitor Coverage Event Count 24h","enterprise-monitoring-observability-evidence-v1","action-layers/windows/storage-admin/enterprise-monitoring-observability-evidence-v1/scripts/checks/4586-scom-storage-monitor-coverage-event-count-24h.ps1","b6587ad3286f9381391a7a0115822ce3f4e6a8068edd2df10af5aa370f317ab1","False","False","False","safe sanitized evidence only"
"4587","STORAGE_ENTERPRISE_MONITORING_OBSERVABILITY_EVIDENCE_V1_SCOM_STORAGE_MONITOR_COVERAGE_EVENT_COUNT_7D_V1","Scom Storage Monitor Coverage Event Count 7d","enterprise-monitoring-observability-evidence-v1","action-layers/windows/storage-admin/enterprise-monitoring-observability-evidence-v1/scripts/checks/4587-scom-storage-monitor-coverage-event-count-7d.ps1","aaaa305b5f8b6c2d152f12f0f85a6f3b0dfd8ade005d31843fcd2e488c162562","False","False","False","safe sanitized evidence only"
"4588","STORAGE_ENTERPRISE_MONITORING_OBSERVABILITY_EVIDENCE_V1_SCOM_STORAGE_MONITOR_COVERAGE_GUIDANCE_PLAN_V1","Scom Storage Monitor Coverage Guidance Plan","enterprise-monitoring-observability-evidence-v1","action-layers/windows/storage-admin/enterprise-monitoring-observability-evidence-v1/scripts/checks/4588-scom-storage-monitor-coverage-guidance-plan.ps1","2c11981179bc4b790cd88f110de79ae119def297f90679135831f77211b07121","False","False","False","safe sanitized evidence only"
"4589","STORAGE_ENTERPRISE_MONITORING_OBSERVABILITY_EVIDENCE_V1_SCOM_STORAGE_MONITOR_COVERAGE_QUESTION_PLAN_V1","Scom Storage Monitor Coverage Question Plan","enterprise-monitoring-observability-evidence-v1","action-layers/windows/storage-admin/enterprise-monitoring-observability-evidence-v1/scripts/checks/4589-scom-storage-monitor-coverage-question-plan.ps1","65cc222e6fb41b5b332213e4ae6fb8488b6cd56dc1de034c9b30e7d12221e780","False","False","False","safe sanitized evidence only"
"4590","STORAGE_ENTERPRISE_MONITORING_OBSERVABILITY_EVIDENCE_V1_SCOM_STORAGE_MONITOR_COVERAGE_RUNNER_SUMMARY_V1","Scom Storage Monitor Coverage Runner Summary","enterprise-monitoring-observability-evidence-v1","action-layers/windows/storage-admin/enterprise-monitoring-observability-evidence-v1/scripts/checks/4590-scom-storage-monitor-coverage-runner-summary.ps1","94a723e6844141e23638baa5bd6b4211ca63bd4d41c1288842dcde868ad73894","False","False","False","safe sanitized evidence only"
"4591","STORAGE_ENTERPRISE_MONITORING_OBSERVABILITY_EVIDENCE_V1_SOLARWINDS_STORAGE_POLLING_PRESENCE_SUMMARY_V1","Solarwinds Storage Polling Presence Summary","enterprise-monitoring-observability-evidence-v1","action-layers/windows/storage-admin/enterprise-monitoring-observability-evidence-v1/scripts/checks/4591-solarwinds-storage-polling-presence-summary.ps1","bd53ad045961932f4b8f1826bf96527c63f70629c2de721ff1b1b2d477f0a407","False","False","False","safe sanitized evidence only"
"4592","STORAGE_ENTERPRISE_MONITORING_OBSERVABILITY_EVIDENCE_V1_SOLARWINDS_STORAGE_POLLING_STATUS_SUMMARY_V1","Solarwinds Storage Polling Status Summary","enterprise-monitoring-observability-evidence-v1","action-layers/windows/storage-admin/enterprise-monitoring-observability-evidence-v1/scripts/checks/4592-solarwinds-storage-polling-status-summary.ps1","c1e026bba432854951b8121d4047769abb1fa332a9c0fb66fd01d65ab48a9578","False","False","False","safe sanitized evidence only"
"4593","STORAGE_ENTERPRISE_MONITORING_OBSERVABILITY_EVIDENCE_V1_SOLARWINDS_STORAGE_POLLING_CONFIGURATION_SUMMARY_V1","Solarwinds Storage Polling Configuration Summary","enterprise-monitoring-observability-evidence-v1","action-layers/windows/storage-admin/enterprise-monitoring-observability-evidence-v1/scripts/checks/4593-solarwinds-storage-polling-configuration-summary.ps1","62269c9630c0cce1d3e5ff3963febb9f915df896749c1d52dc527abb1b521672","False","False","False","safe sanitized evidence only"
"4594","STORAGE_ENTERPRISE_MONITORING_OBSERVABILITY_EVIDENCE_V1_SOLARWINDS_STORAGE_POLLING_COUNT_SUMMARY_V1","Solarwinds Storage Polling Count Summary","enterprise-monitoring-observability-evidence-v1","action-layers/windows/storage-admin/enterprise-monitoring-observability-evidence-v1/scripts/checks/4594-solarwinds-storage-polling-count-summary.ps1","f7b084fdbb34b289125450db59868f9c3a591eaa0d28f4827f350f21712a858f","False","False","False","safe sanitized evidence only"
"4595","STORAGE_ENTERPRISE_MONITORING_OBSERVABILITY_EVIDENCE_V1_SOLARWINDS_STORAGE_POLLING_RISK_CATEGORY_SUMMARY_V1","Solarwinds Storage Polling Risk Category Summary","enterprise-monitoring-observability-evidence-v1","action-layers/windows/storage-admin/enterprise-monitoring-observability-evidence-v1/scripts/checks/4595-solarwinds-storage-polling-risk-category-summary.ps1","20fd9ead23693e722dc237c3bb86a1c3a4dcab0f9ec4e365a836ec59e2fe614f","False","False","False","safe sanitized evidence only"
"4596","STORAGE_ENTERPRISE_MONITORING_OBSERVABILITY_EVIDENCE_V1_SOLARWINDS_STORAGE_POLLING_EVENT_COUNT_24H_V1","Solarwinds Storage Polling Event Count 24h","enterprise-monitoring-observability-evidence-v1","action-layers/windows/storage-admin/enterprise-monitoring-observability-evidence-v1/scripts/checks/4596-solarwinds-storage-polling-event-count-24h.ps1","0f57038981cf74b9a06b00dc73b0f71fb6f717599d68ac07f6ea98f2889363a3","False","False","False","safe sanitized evidence only"
"4597","STORAGE_ENTERPRISE_MONITORING_OBSERVABILITY_EVIDENCE_V1_SOLARWINDS_STORAGE_POLLING_EVENT_COUNT_7D_V1","Solarwinds Storage Polling Event Count 7d","enterprise-monitoring-observability-evidence-v1","action-layers/windows/storage-admin/enterprise-monitoring-observability-evidence-v1/scripts/checks/4597-solarwinds-storage-polling-event-count-7d.ps1","2a6a0338c73d9fa6a0f7d839c6a019fa5f3ac6b85a53f9519877cf4050d4dabc","False","False","False","safe sanitized evidence only"
"4598","STORAGE_ENTERPRISE_MONITORING_OBSERVABILITY_EVIDENCE_V1_SOLARWINDS_STORAGE_POLLING_GUIDANCE_PLAN_V1","Solarwinds Storage Polling Guidance Plan","enterprise-monitoring-observability-evidence-v1","action-layers/windows/storage-admin/enterprise-monitoring-observability-evidence-v1/scripts/checks/4598-solarwinds-storage-polling-guidance-plan.ps1","569fdc5d37fab152ae116c569384f0f56859577f7c991682c15e14df64fd5b42","False","False","False","safe sanitized evidence only"
"4599","STORAGE_ENTERPRISE_MONITORING_OBSERVABILITY_EVIDENCE_V1_SOLARWINDS_STORAGE_POLLING_QUESTION_PLAN_V1","Solarwinds Storage Polling Question Plan","enterprise-monitoring-observability-evidence-v1","action-layers/windows/storage-admin/enterprise-monitoring-observability-evidence-v1/scripts/checks/4599-solarwinds-storage-polling-question-plan.ps1","5480012e345bca81e6d87a5fa1cef310308251d28c3296003bbb13cac9323fbc","False","False","False","safe sanitized evidence only"
"4600","STORAGE_ENTERPRISE_MONITORING_OBSERVABILITY_EVIDENCE_V1_SOLARWINDS_STORAGE_POLLING_RUNNER_SUMMARY_V1","Solarwinds Storage Polling Runner Summary","enterprise-monitoring-observability-evidence-v1","action-layers/windows/storage-admin/enterprise-monitoring-observability-evidence-v1/scripts/checks/4600-solarwinds-storage-polling-runner-summary.ps1","e75521ac00844b59ae98883dc61526bd4b1ca0140c3d17c81f6d66d3f7b3a7a4","False","False","False","safe sanitized evidence only"
"4601","STORAGE_ENTERPRISE_MONITORING_OBSERVABILITY_EVIDENCE_V1_VENDOR_CLOUD_ANALYTICS_PORTAL_PRESENCE_SUMMARY_V1","Vendor Cloud Analytics Portal Presence Summary","enterprise-monitoring-observability-evidence-v1","action-layers/windows/storage-admin/enterprise-monitoring-observability-evidence-v1/scripts/checks/4601-vendor-cloud-analytics-portal-presence-summary.ps1","296808a3fb9197a1ac686b82bc18809ce1bdcda667ced9ff8f12134e477ac926","False","False","False","safe sanitized evidence only"
"4602","STORAGE_ENTERPRISE_MONITORING_OBSERVABILITY_EVIDENCE_V1_VENDOR_CLOUD_ANALYTICS_PORTAL_STATUS_SUMMARY_V1","Vendor Cloud Analytics Portal Status Summary","enterprise-monitoring-observability-evidence-v1","action-layers/windows/storage-admin/enterprise-monitoring-observability-evidence-v1/scripts/checks/4602-vendor-cloud-analytics-portal-status-summary.ps1","cef58b4afb30799f66bed0b19178cf6ccf8c9faa2a25079f8d0eaf137d04b9cb","False","False","False","safe sanitized evidence only"
"4603","STORAGE_ENTERPRISE_MONITORING_OBSERVABILITY_EVIDENCE_V1_VENDOR_CLOUD_ANALYTICS_PORTAL_CONFIGURATION_SUMMARY_V1","Vendor Cloud Analytics Portal Configuration Summary","enterprise-monitoring-observability-evidence-v1","action-layers/windows/storage-admin/enterprise-monitoring-observability-evidence-v1/scripts/checks/4603-vendor-cloud-analytics-portal-configuration-summary.ps1","58ecf91e3d4d8257347126b6af1d623a1b83b7f2998fd82530cad17c3172d7ca","False","False","False","safe sanitized evidence only"
"4604","STORAGE_ENTERPRISE_MONITORING_OBSERVABILITY_EVIDENCE_V1_VENDOR_CLOUD_ANALYTICS_PORTAL_COUNT_SUMMARY_V1","Vendor Cloud Analytics Portal Count Summary","enterprise-monitoring-observability-evidence-v1","action-layers/windows/storage-admin/enterprise-monitoring-observability-evidence-v1/scripts/checks/4604-vendor-cloud-analytics-portal-count-summary.ps1","5bc7c29782b9d5fa15eedf9db270f857af85e055931e1065272ffcf8d5069b28","False","False","False","safe sanitized evidence only"
"4605","STORAGE_ENTERPRISE_MONITORING_OBSERVABILITY_EVIDENCE_V1_VENDOR_CLOUD_ANALYTICS_PORTAL_RISK_CATEGORY_SUMMARY_V1","Vendor Cloud Analytics Portal Risk Category Summary","enterprise-monitoring-observability-evidence-v1","action-layers/windows/storage-admin/enterprise-monitoring-observability-evidence-v1/scripts/checks/4605-vendor-cloud-analytics-portal-risk-category-summary.ps1","34bd77795a130e7c2ecad1200a57ec0bbc15aaabfb9be97327b1ffc1cb48e9c1","False","False","False","safe sanitized evidence only"
"4606","STORAGE_ENTERPRISE_MONITORING_OBSERVABILITY_EVIDENCE_V1_VENDOR_CLOUD_ANALYTICS_PORTAL_EVENT_COUNT_24H_V1","Vendor Cloud Analytics Portal Event Count 24h","enterprise-monitoring-observability-evidence-v1","action-layers/windows/storage-admin/enterprise-monitoring-observability-evidence-v1/scripts/checks/4606-vendor-cloud-analytics-portal-event-count-24h.ps1","920b155240ca57d1bc563346fc22fc9d238f89bbe12e650fbcbc27b3a4668391","False","False","False","safe sanitized evidence only"
"4607","STORAGE_ENTERPRISE_MONITORING_OBSERVABILITY_EVIDENCE_V1_VENDOR_CLOUD_ANALYTICS_PORTAL_EVENT_COUNT_7D_V1","Vendor Cloud Analytics Portal Event Count 7d","enterprise-monitoring-observability-evidence-v1","action-layers/windows/storage-admin/enterprise-monitoring-observability-evidence-v1/scripts/checks/4607-vendor-cloud-analytics-portal-event-count-7d.ps1","ad0188801f12d1abf3ca2545872680ab665fdce7fae50e1bda3f5877161b24c3","False","False","False","safe sanitized evidence only"
"4608","STORAGE_ENTERPRISE_MONITORING_OBSERVABILITY_EVIDENCE_V1_VENDOR_CLOUD_ANALYTICS_PORTAL_GUIDANCE_PLAN_V1","Vendor Cloud Analytics Portal Guidance Plan","enterprise-monitoring-observability-evidence-v1","action-layers/windows/storage-admin/enterprise-monitoring-observability-evidence-v1/scripts/checks/4608-vendor-cloud-analytics-portal-guidance-plan.ps1","02266972c1e4e66d697fb7f85a485f6846bc81473d294dd779a8f75766566674","False","False","False","safe sanitized evidence only"
"4609","STORAGE_ENTERPRISE_MONITORING_OBSERVABILITY_EVIDENCE_V1_VENDOR_CLOUD_ANALYTICS_PORTAL_QUESTION_PLAN_V1","Vendor Cloud Analytics Portal Question Plan","enterprise-monitoring-observability-evidence-v1","action-layers/windows/storage-admin/enterprise-monitoring-observability-evidence-v1/scripts/checks/4609-vendor-cloud-analytics-portal-question-plan.ps1","ccf362d871f4120bec75b3a03dcae380cf150bab8fab04d80c4405a29087563c","False","False","False","safe sanitized evidence only"
"4610","STORAGE_ENTERPRISE_MONITORING_OBSERVABILITY_EVIDENCE_V1_VENDOR_CLOUD_ANALYTICS_PORTAL_RUNNER_SUMMARY_V1","Vendor Cloud Analytics Portal Runner Summary","enterprise-monitoring-observability-evidence-v1","action-layers/windows/storage-admin/enterprise-monitoring-observability-evidence-v1/scripts/checks/4610-vendor-cloud-analytics-portal-runner-summary.ps1","6a153edacdfba2ef91880fb51b6cce6f1409b7dfbecbb09eb674d7bc0bee149b","False","False","False","safe sanitized evidence only"
"4611","STORAGE_ENTERPRISE_MONITORING_OBSERVABILITY_EVIDENCE_V1_CAPACITY_FORECAST_SIGNAL_PRESENCE_SUMMARY_V1","Capacity Forecast Signal Presence Summary","enterprise-monitoring-observability-evidence-v1","action-layers/windows/storage-admin/enterprise-monitoring-observability-evidence-v1/scripts/checks/4611-capacity-forecast-signal-presence-summary.ps1","2cab89f42fcc47371ba482b7ffbaeaec2e4affdf1fbbb421b7259d901443b4df","False","False","False","safe sanitized evidence only"
"4612","STORAGE_ENTERPRISE_MONITORING_OBSERVABILITY_EVIDENCE_V1_CAPACITY_FORECAST_SIGNAL_STATUS_SUMMARY_V1","Capacity Forecast Signal Status Summary","enterprise-monitoring-observability-evidence-v1","action-layers/windows/storage-admin/enterprise-monitoring-observability-evidence-v1/scripts/checks/4612-capacity-forecast-signal-status-summary.ps1","ef6126ce313d93e36b86f106e62a8c7ecc8b3bea816b709f924cd4de4b3c4a74","False","False","False","safe sanitized evidence only"
"4613","STORAGE_ENTERPRISE_MONITORING_OBSERVABILITY_EVIDENCE_V1_CAPACITY_FORECAST_SIGNAL_CONFIGURATION_SUMMARY_V1","Capacity Forecast Signal Configuration Summary","enterprise-monitoring-observability-evidence-v1","action-layers/windows/storage-admin/enterprise-monitoring-observability-evidence-v1/scripts/checks/4613-capacity-forecast-signal-configuration-summary.ps1","4d486f4d5f0e8313fe18d7bbb5c6c6473c142da9500ce234ac4ca678b692412d","False","False","False","safe sanitized evidence only"
"4614","STORAGE_ENTERPRISE_MONITORING_OBSERVABILITY_EVIDENCE_V1_CAPACITY_FORECAST_SIGNAL_COUNT_SUMMARY_V1","Capacity Forecast Signal Count Summary","enterprise-monitoring-observability-evidence-v1","action-layers/windows/storage-admin/enterprise-monitoring-observability-evidence-v1/scripts/checks/4614-capacity-forecast-signal-count-summary.ps1","ae219377f027be81d06126223224a7697589bb8962c86c5c0cbecdd23d0fbf3d","False","False","False","safe sanitized evidence only"
"4615","STORAGE_ENTERPRISE_MONITORING_OBSERVABILITY_EVIDENCE_V1_CAPACITY_FORECAST_SIGNAL_RISK_CATEGORY_SUMMARY_V1","Capacity Forecast Signal Risk Category Summary","enterprise-monitoring-observability-evidence-v1","action-layers/windows/storage-admin/enterprise-monitoring-observability-evidence-v1/scripts/checks/4615-capacity-forecast-signal-risk-category-summary.ps1","90d04bca30e2aedeade63fbe3f3b82528c09385d19a7c572fbd2070aecda5cb8","False","False","False","safe sanitized evidence only"
"4616","STORAGE_ENTERPRISE_MONITORING_OBSERVABILITY_EVIDENCE_V1_CAPACITY_FORECAST_SIGNAL_EVENT_COUNT_24H_V1","Capacity Forecast Signal Event Count 24h","enterprise-monitoring-observability-evidence-v1","action-layers/windows/storage-admin/enterprise-monitoring-observability-evidence-v1/scripts/checks/4616-capacity-forecast-signal-event-count-24h.ps1","e03b36c9855aa0dcba0124d778d5e69d67c16101d67459c64698599e936f6988","False","False","False","safe sanitized evidence only"
"4617","STORAGE_ENTERPRISE_MONITORING_OBSERVABILITY_EVIDENCE_V1_CAPACITY_FORECAST_SIGNAL_EVENT_COUNT_7D_V1","Capacity Forecast Signal Event Count 7d","enterprise-monitoring-observability-evidence-v1","action-layers/windows/storage-admin/enterprise-monitoring-observability-evidence-v1/scripts/checks/4617-capacity-forecast-signal-event-count-7d.ps1","3f05ed5bec45fb9ed0ebc088d9086115146944e3850402a5c841fc6efaa8adbe","False","False","False","safe sanitized evidence only"
"4618","STORAGE_ENTERPRISE_MONITORING_OBSERVABILITY_EVIDENCE_V1_CAPACITY_FORECAST_SIGNAL_GUIDANCE_PLAN_V1","Capacity Forecast Signal Guidance Plan","enterprise-monitoring-observability-evidence-v1","action-layers/windows/storage-admin/enterprise-monitoring-observability-evidence-v1/scripts/checks/4618-capacity-forecast-signal-guidance-plan.ps1","79f0d584e263e142315d3796eca6e5555d088eb3add918e3b77abd821ce807ac","False","False","False","safe sanitized evidence only"
"4619","STORAGE_ENTERPRISE_MONITORING_OBSERVABILITY_EVIDENCE_V1_CAPACITY_FORECAST_SIGNAL_QUESTION_PLAN_V1","Capacity Forecast Signal Question Plan","enterprise-monitoring-observability-evidence-v1","action-layers/windows/storage-admin/enterprise-monitoring-observability-evidence-v1/scripts/checks/4619-capacity-forecast-signal-question-plan.ps1","cd5d07d7607c01504891080f409dff811e2aad36f528f10a8e384911f6c16386","False","False","False","safe sanitized evidence only"
"4620","STORAGE_ENTERPRISE_MONITORING_OBSERVABILITY_EVIDENCE_V1_CAPACITY_FORECAST_SIGNAL_RUNNER_SUMMARY_V1","Capacity Forecast Signal Runner Summary","enterprise-monitoring-observability-evidence-v1","action-layers/windows/storage-admin/enterprise-monitoring-observability-evidence-v1/scripts/checks/4620-capacity-forecast-signal-runner-summary.ps1","62b84e46f2413e10c89bd8a8bf6f8db3bd451ba7dbeb3f376908c63ec9519223","False","False","False","safe sanitized evidence only"
"4621","STORAGE_ENTERPRISE_MONITORING_OBSERVABILITY_EVIDENCE_V1_LATENCY_PERCENTILE_TREND_PRESENCE_SUMMARY_V1","Latency Percentile Trend Presence Summary","enterprise-monitoring-observability-evidence-v1","action-layers/windows/storage-admin/enterprise-monitoring-observability-evidence-v1/scripts/checks/4621-latency-percentile-trend-presence-summary.ps1","e9035d63ed58a1fcb437a9108bb2449a152cab757c3c7728eae4ddc210073eae","False","False","False","safe sanitized evidence only"
"4622","STORAGE_ENTERPRISE_MONITORING_OBSERVABILITY_EVIDENCE_V1_LATENCY_PERCENTILE_TREND_STATUS_SUMMARY_V1","Latency Percentile Trend Status Summary","enterprise-monitoring-observability-evidence-v1","action-layers/windows/storage-admin/enterprise-monitoring-observability-evidence-v1/scripts/checks/4622-latency-percentile-trend-status-summary.ps1","f10f4b38256b623f9d372093be3629bf36450eab47ad8022638079ea9effb476","False","False","False","safe sanitized evidence only"
"4623","STORAGE_ENTERPRISE_MONITORING_OBSERVABILITY_EVIDENCE_V1_LATENCY_PERCENTILE_TREND_CONFIGURATION_SUMMARY_V1","Latency Percentile Trend Configuration Summary","enterprise-monitoring-observability-evidence-v1","action-layers/windows/storage-admin/enterprise-monitoring-observability-evidence-v1/scripts/checks/4623-latency-percentile-trend-configuration-summary.ps1","4f954e0a7a28a632ad23fa0d170148feff7f2058bf651fbc4a45963a011aeb46","False","False","False","safe sanitized evidence only"
"4624","STORAGE_ENTERPRISE_MONITORING_OBSERVABILITY_EVIDENCE_V1_LATENCY_PERCENTILE_TREND_COUNT_SUMMARY_V1","Latency Percentile Trend Count Summary","enterprise-monitoring-observability-evidence-v1","action-layers/windows/storage-admin/enterprise-monitoring-observability-evidence-v1/scripts/checks/4624-latency-percentile-trend-count-summary.ps1","76d3ead0aef7b9a14f8af0c3ae3f0c14cfb7c703034323c538c8c8d13639c7cd","False","False","False","safe sanitized evidence only"
"4625","STORAGE_ENTERPRISE_MONITORING_OBSERVABILITY_EVIDENCE_V1_LATENCY_PERCENTILE_TREND_RISK_CATEGORY_SUMMARY_V1","Latency Percentile Trend Risk Category Summary","enterprise-monitoring-observability-evidence-v1","action-layers/windows/storage-admin/enterprise-monitoring-observability-evidence-v1/scripts/checks/4625-latency-percentile-trend-risk-category-summary.ps1","2f054200fd9e17eb2ba5fedb28aaec35acd5129193b7c215bff38678a7fe5027","False","False","False","safe sanitized evidence only"
"4626","STORAGE_ENTERPRISE_MONITORING_OBSERVABILITY_EVIDENCE_V1_LATENCY_PERCENTILE_TREND_EVENT_COUNT_24H_V1","Latency Percentile Trend Event Count 24h","enterprise-monitoring-observability-evidence-v1","action-layers/windows/storage-admin/enterprise-monitoring-observability-evidence-v1/scripts/checks/4626-latency-percentile-trend-event-count-24h.ps1","db898404ee2d899d48d24a0ff18fb98106dcd05baf7fcdb33917b354f2339d97","False","False","False","safe sanitized evidence only"
"4627","STORAGE_ENTERPRISE_MONITORING_OBSERVABILITY_EVIDENCE_V1_LATENCY_PERCENTILE_TREND_EVENT_COUNT_7D_V1","Latency Percentile Trend Event Count 7d","enterprise-monitoring-observability-evidence-v1","action-layers/windows/storage-admin/enterprise-monitoring-observability-evidence-v1/scripts/checks/4627-latency-percentile-trend-event-count-7d.ps1","c3175657fbf866f55a14a477828fe7f7082d4d31feb601f3f52511d5cac56730","False","False","False","safe sanitized evidence only"
"4628","STORAGE_ENTERPRISE_MONITORING_OBSERVABILITY_EVIDENCE_V1_LATENCY_PERCENTILE_TREND_GUIDANCE_PLAN_V1","Latency Percentile Trend Guidance Plan","enterprise-monitoring-observability-evidence-v1","action-layers/windows/storage-admin/enterprise-monitoring-observability-evidence-v1/scripts/checks/4628-latency-percentile-trend-guidance-plan.ps1","13c4e1de605c07ce2269516a47aba0c7e6fbea7141494dc7d28613d3f64049dd","False","False","False","safe sanitized evidence only"
"4629","STORAGE_ENTERPRISE_MONITORING_OBSERVABILITY_EVIDENCE_V1_LATENCY_PERCENTILE_TREND_QUESTION_PLAN_V1","Latency Percentile Trend Question Plan","enterprise-monitoring-observability-evidence-v1","action-layers/windows/storage-admin/enterprise-monitoring-observability-evidence-v1/scripts/checks/4629-latency-percentile-trend-question-plan.ps1","90a6b7f1d8fafa2d6683e36c1d57c230d2f7bab3947b75d19dd11c098780b41e","False","False","False","safe sanitized evidence only"
"4630","STORAGE_ENTERPRISE_MONITORING_OBSERVABILITY_EVIDENCE_V1_LATENCY_PERCENTILE_TREND_RUNNER_SUMMARY_V1","Latency Percentile Trend Runner Summary","enterprise-monitoring-observability-evidence-v1","action-layers/windows/storage-admin/enterprise-monitoring-observability-evidence-v1/scripts/checks/4630-latency-percentile-trend-runner-summary.ps1","9cd898827c17965a691fe8378afc9c75af93d721e9e324d708382ffb380cd1e2","False","False","False","safe sanitized evidence only"
"4631","STORAGE_ENTERPRISE_MONITORING_OBSERVABILITY_EVIDENCE_V1_IOPS_THROUGHPUT_ANOMALY_PRESENCE_SUMMARY_V1","Iops Throughput Anomaly Presence Summary","enterprise-monitoring-observability-evidence-v1","action-layers/windows/storage-admin/enterprise-monitoring-observability-evidence-v1/scripts/checks/4631-iops-throughput-anomaly-presence-summary.ps1","035fdeac0d6e75282845365be1e6adbd656dbccc812671f0fbf2c945d82a5775","False","False","False","safe sanitized evidence only"
"4632","STORAGE_ENTERPRISE_MONITORING_OBSERVABILITY_EVIDENCE_V1_IOPS_THROUGHPUT_ANOMALY_STATUS_SUMMARY_V1","Iops Throughput Anomaly Status Summary","enterprise-monitoring-observability-evidence-v1","action-layers/windows/storage-admin/enterprise-monitoring-observability-evidence-v1/scripts/checks/4632-iops-throughput-anomaly-status-summary.ps1","318d0c932efcbec7fad8cfeb9323c4f142f2974f5f1b200caaf267ee06d67028","False","False","False","safe sanitized evidence only"
"4633","STORAGE_ENTERPRISE_MONITORING_OBSERVABILITY_EVIDENCE_V1_IOPS_THROUGHPUT_ANOMALY_CONFIGURATION_SUMMARY_V1","Iops Throughput Anomaly Configuration Summary","enterprise-monitoring-observability-evidence-v1","action-layers/windows/storage-admin/enterprise-monitoring-observability-evidence-v1/scripts/checks/4633-iops-throughput-anomaly-configuration-summary.ps1","07e2320aa4c3a94011ddb9ea0550d1aaa363b6a34f933928fc1c94aef9f7ebe3","False","False","False","safe sanitized evidence only"
"4634","STORAGE_ENTERPRISE_MONITORING_OBSERVABILITY_EVIDENCE_V1_IOPS_THROUGHPUT_ANOMALY_COUNT_SUMMARY_V1","Iops Throughput Anomaly Count Summary","enterprise-monitoring-observability-evidence-v1","action-layers/windows/storage-admin/enterprise-monitoring-observability-evidence-v1/scripts/checks/4634-iops-throughput-anomaly-count-summary.ps1","deaebc0daf234a0ebd365ad8ed3c4448a8a4298ab0f899b95ab8618fc0f9b873","False","False","False","safe sanitized evidence only"
"4635","STORAGE_ENTERPRISE_MONITORING_OBSERVABILITY_EVIDENCE_V1_IOPS_THROUGHPUT_ANOMALY_RISK_CATEGORY_SUMMARY_V1","Iops Throughput Anomaly Risk Category Summary","enterprise-monitoring-observability-evidence-v1","action-layers/windows/storage-admin/enterprise-monitoring-observability-evidence-v1/scripts/checks/4635-iops-throughput-anomaly-risk-category-summary.ps1","e87df8e66bbf003728a7b9db685286d4f73b8dced65c71e4912420f926a7f23d","False","False","False","safe sanitized evidence only"
"4636","STORAGE_ENTERPRISE_MONITORING_OBSERVABILITY_EVIDENCE_V1_IOPS_THROUGHPUT_ANOMALY_EVENT_COUNT_24H_V1","Iops Throughput Anomaly Event Count 24h","enterprise-monitoring-observability-evidence-v1","action-layers/windows/storage-admin/enterprise-monitoring-observability-evidence-v1/scripts/checks/4636-iops-throughput-anomaly-event-count-24h.ps1","2a210eab8f876ad94fe3b9e5cb6045ce02638935048c50e9b2e6f2e16129ac36","False","False","False","safe sanitized evidence only"
"4637","STORAGE_ENTERPRISE_MONITORING_OBSERVABILITY_EVIDENCE_V1_IOPS_THROUGHPUT_ANOMALY_EVENT_COUNT_7D_V1","Iops Throughput Anomaly Event Count 7d","enterprise-monitoring-observability-evidence-v1","action-layers/windows/storage-admin/enterprise-monitoring-observability-evidence-v1/scripts/checks/4637-iops-throughput-anomaly-event-count-7d.ps1","012db10e578e676b368b714dacba82bb6bd787ea9fa51b089b0ca19461cab131","False","False","False","safe sanitized evidence only"
"4638","STORAGE_ENTERPRISE_MONITORING_OBSERVABILITY_EVIDENCE_V1_IOPS_THROUGHPUT_ANOMALY_GUIDANCE_PLAN_V1","Iops Throughput Anomaly Guidance Plan","enterprise-monitoring-observability-evidence-v1","action-layers/windows/storage-admin/enterprise-monitoring-observability-evidence-v1/scripts/checks/4638-iops-throughput-anomaly-guidance-plan.ps1","d679a891357bb3371de03c8f0ef35b67826799e274160b864ee2bcbabdda460c","False","False","False","safe sanitized evidence only"
"4639","STORAGE_ENTERPRISE_MONITORING_OBSERVABILITY_EVIDENCE_V1_IOPS_THROUGHPUT_ANOMALY_QUESTION_PLAN_V1","Iops Throughput Anomaly Question Plan","enterprise-monitoring-observability-evidence-v1","action-layers/windows/storage-admin/enterprise-monitoring-observability-evidence-v1/scripts/checks/4639-iops-throughput-anomaly-question-plan.ps1","af5c0cfe81fa1de58b57bd37c99d6a14c7072de9b74d9d3eec1ce681ca04d739","False","False","False","safe sanitized evidence only"
"4640","STORAGE_ENTERPRISE_MONITORING_OBSERVABILITY_EVIDENCE_V1_IOPS_THROUGHPUT_ANOMALY_RUNNER_SUMMARY_V1","Iops Throughput Anomaly Runner Summary","enterprise-monitoring-observability-evidence-v1","action-layers/windows/storage-admin/enterprise-monitoring-observability-evidence-v1/scripts/checks/4640-iops-throughput-anomaly-runner-summary.ps1","1e94c14ab856f3e9b8743e5543f9d474efdc77287c434df4fb23917893acd863","False","False","False","safe sanitized evidence only"
"4641","STORAGE_ENTERPRISE_MONITORING_OBSERVABILITY_EVIDENCE_V1_CACHE_HIT_RATIO_POSTURE_PRESENCE_SUMMARY_V1","Cache Hit Ratio Posture Presence Summary","enterprise-monitoring-observability-evidence-v1","action-layers/windows/storage-admin/enterprise-monitoring-observability-evidence-v1/scripts/checks/4641-cache-hit-ratio-posture-presence-summary.ps1","5f259690da796f0adf716f3a0a3bf81a83fb1c96f5b85022d2bac395a33342b9","False","False","False","safe sanitized evidence only"
"4642","STORAGE_ENTERPRISE_MONITORING_OBSERVABILITY_EVIDENCE_V1_CACHE_HIT_RATIO_POSTURE_STATUS_SUMMARY_V1","Cache Hit Ratio Posture Status Summary","enterprise-monitoring-observability-evidence-v1","action-layers/windows/storage-admin/enterprise-monitoring-observability-evidence-v1/scripts/checks/4642-cache-hit-ratio-posture-status-summary.ps1","f12693ac6a0a9cc26b1f207f2966db4155065f2df11ea3b4bfc3f4fb3c293ba6","False","False","False","safe sanitized evidence only"
"4643","STORAGE_ENTERPRISE_MONITORING_OBSERVABILITY_EVIDENCE_V1_CACHE_HIT_RATIO_POSTURE_CONFIGURATION_SUMMARY_V1","Cache Hit Ratio Posture Configuration Summary","enterprise-monitoring-observability-evidence-v1","action-layers/windows/storage-admin/enterprise-monitoring-observability-evidence-v1/scripts/checks/4643-cache-hit-ratio-posture-configuration-summary.ps1","c780e805f54d67f751b2f992345186415b6f2035de9e59ec67188e6e97731636","False","False","False","safe sanitized evidence only"
"4644","STORAGE_ENTERPRISE_MONITORING_OBSERVABILITY_EVIDENCE_V1_CACHE_HIT_RATIO_POSTURE_COUNT_SUMMARY_V1","Cache Hit Ratio Posture Count Summary","enterprise-monitoring-observability-evidence-v1","action-layers/windows/storage-admin/enterprise-monitoring-observability-evidence-v1/scripts/checks/4644-cache-hit-ratio-posture-count-summary.ps1","cc66945f292263bfdf39273075e689af2f32a69d96c13b596678a3136a69c6c3","False","False","False","safe sanitized evidence only"
"4645","STORAGE_ENTERPRISE_MONITORING_OBSERVABILITY_EVIDENCE_V1_CACHE_HIT_RATIO_POSTURE_RISK_CATEGORY_SUMMARY_V1","Cache Hit Ratio Posture Risk Category Summary","enterprise-monitoring-observability-evidence-v1","action-layers/windows/storage-admin/enterprise-monitoring-observability-evidence-v1/scripts/checks/4645-cache-hit-ratio-posture-risk-category-summary.ps1","64bc45f6f8525fa71aa0da4544c424aaa8cac5ac52120915412465676ba34eaa","False","False","False","safe sanitized evidence only"
"4646","STORAGE_ENTERPRISE_MONITORING_OBSERVABILITY_EVIDENCE_V1_CACHE_HIT_RATIO_POSTURE_EVENT_COUNT_24H_V1","Cache Hit Ratio Posture Event Count 24h","enterprise-monitoring-observability-evidence-v1","action-layers/windows/storage-admin/enterprise-monitoring-observability-evidence-v1/scripts/checks/4646-cache-hit-ratio-posture-event-count-24h.ps1","d804d519baf21b929b93bd661f4d2d8791594ff9103f207bb30056190c259d26","False","False","False","safe sanitized evidence only"
"4647","STORAGE_ENTERPRISE_MONITORING_OBSERVABILITY_EVIDENCE_V1_CACHE_HIT_RATIO_POSTURE_EVENT_COUNT_7D_V1","Cache Hit Ratio Posture Event Count 7d","enterprise-monitoring-observability-evidence-v1","action-layers/windows/storage-admin/enterprise-monitoring-observability-evidence-v1/scripts/checks/4647-cache-hit-ratio-posture-event-count-7d.ps1","3268b2761a6de61faad2610eab96ecf944864ee8cf690d35019027e18ee94813","False","False","False","safe sanitized evidence only"
"4648","STORAGE_ENTERPRISE_MONITORING_OBSERVABILITY_EVIDENCE_V1_CACHE_HIT_RATIO_POSTURE_GUIDANCE_PLAN_V1","Cache Hit Ratio Posture Guidance Plan","enterprise-monitoring-observability-evidence-v1","action-layers/windows/storage-admin/enterprise-monitoring-observability-evidence-v1/scripts/checks/4648-cache-hit-ratio-posture-guidance-plan.ps1","260fb8cd5283fdc6ea5fc0195d640db6fee774ccaedc0e71c4d6a92fe2c790f8","False","False","False","safe sanitized evidence only"
"4649","STORAGE_ENTERPRISE_MONITORING_OBSERVABILITY_EVIDENCE_V1_CACHE_HIT_RATIO_POSTURE_QUESTION_PLAN_V1","Cache Hit Ratio Posture Question Plan","enterprise-monitoring-observability-evidence-v1","action-layers/windows/storage-admin/enterprise-monitoring-observability-evidence-v1/scripts/checks/4649-cache-hit-ratio-posture-question-plan.ps1","c3a515a64f1916a42dd59f0217e402e4a750e04b9005ebae75814105709007c7","False","False","False","safe sanitized evidence only"
"4650","STORAGE_ENTERPRISE_MONITORING_OBSERVABILITY_EVIDENCE_V1_CACHE_HIT_RATIO_POSTURE_RUNNER_SUMMARY_V1","Cache Hit Ratio Posture Runner Summary","enterprise-monitoring-observability-evidence-v1","action-layers/windows/storage-admin/enterprise-monitoring-observability-evidence-v1/scripts/checks/4650-cache-hit-ratio-posture-runner-summary.ps1","e9c135cc924ae8ecca1b39e250f6d2edec2e8716445c2e2bef905a0a8cfa89b5","False","False","False","safe sanitized evidence only"
"4651","STORAGE_ENTERPRISE_MONITORING_OBSERVABILITY_EVIDENCE_V1_ERROR_EVENT_CORRELATION_PRESENCE_SUMMARY_V1","Error Event Correlation Presence Summary","enterprise-monitoring-observability-evidence-v1","action-layers/windows/storage-admin/enterprise-monitoring-observability-evidence-v1/scripts/checks/4651-error-event-correlation-presence-summary.ps1","4bca5cca8ca824747c4e33ece7d9b8099c2e6f03540e5b73ddce2f64466b54d5","False","False","False","safe sanitized evidence only"
"4652","STORAGE_ENTERPRISE_MONITORING_OBSERVABILITY_EVIDENCE_V1_ERROR_EVENT_CORRELATION_STATUS_SUMMARY_V1","Error Event Correlation Status Summary","enterprise-monitoring-observability-evidence-v1","action-layers/windows/storage-admin/enterprise-monitoring-observability-evidence-v1/scripts/checks/4652-error-event-correlation-status-summary.ps1","a5c4fe77e93a2c7883b07deeba20cc2ffdfe0936c86cac7547a77320ea1b3329","False","False","False","safe sanitized evidence only"
"4653","STORAGE_ENTERPRISE_MONITORING_OBSERVABILITY_EVIDENCE_V1_ERROR_EVENT_CORRELATION_CONFIGURATION_SUMMARY_V1","Error Event Correlation Configuration Summary","enterprise-monitoring-observability-evidence-v1","action-layers/windows/storage-admin/enterprise-monitoring-observability-evidence-v1/scripts/checks/4653-error-event-correlation-configuration-summary.ps1","315820273b7e52e3201470791f77cd7c6963db4cb8d6751dfb05a0167a28c79e","False","False","False","safe sanitized evidence only"
"4654","STORAGE_ENTERPRISE_MONITORING_OBSERVABILITY_EVIDENCE_V1_ERROR_EVENT_CORRELATION_COUNT_SUMMARY_V1","Error Event Correlation Count Summary","enterprise-monitoring-observability-evidence-v1","action-layers/windows/storage-admin/enterprise-monitoring-observability-evidence-v1/scripts/checks/4654-error-event-correlation-count-summary.ps1","31297fd308b96ff7e3d0c7f70ca6e08e8737d6851ae0e79d98718ce3701843f5","False","False","False","safe sanitized evidence only"
"4655","STORAGE_ENTERPRISE_MONITORING_OBSERVABILITY_EVIDENCE_V1_ERROR_EVENT_CORRELATION_RISK_CATEGORY_SUMMARY_V1","Error Event Correlation Risk Category Summary","enterprise-monitoring-observability-evidence-v1","action-layers/windows/storage-admin/enterprise-monitoring-observability-evidence-v1/scripts/checks/4655-error-event-correlation-risk-category-summary.ps1","a13e0a40602c93ba3251c4c68174f52d7504e332dd7939f9e62f229fee925a03","False","False","False","safe sanitized evidence only"
"4656","STORAGE_ENTERPRISE_MONITORING_OBSERVABILITY_EVIDENCE_V1_ERROR_EVENT_CORRELATION_EVENT_COUNT_24H_V1","Error Event Correlation Event Count 24h","enterprise-monitoring-observability-evidence-v1","action-layers/windows/storage-admin/enterprise-monitoring-observability-evidence-v1/scripts/checks/4656-error-event-correlation-event-count-24h.ps1","fa2e56c521eb37aa6502551140bb6974a148ff052bc0b16a173f94d59f04c50c","False","False","False","safe sanitized evidence only"
"4657","STORAGE_ENTERPRISE_MONITORING_OBSERVABILITY_EVIDENCE_V1_ERROR_EVENT_CORRELATION_EVENT_COUNT_7D_V1","Error Event Correlation Event Count 7d","enterprise-monitoring-observability-evidence-v1","action-layers/windows/storage-admin/enterprise-monitoring-observability-evidence-v1/scripts/checks/4657-error-event-correlation-event-count-7d.ps1","c623109a349b0d3871793b7bfd2d1447a3789b4e164473b9bf8032687b9e9f7c","False","False","False","safe sanitized evidence only"
"4658","STORAGE_ENTERPRISE_MONITORING_OBSERVABILITY_EVIDENCE_V1_ERROR_EVENT_CORRELATION_GUIDANCE_PLAN_V1","Error Event Correlation Guidance Plan","enterprise-monitoring-observability-evidence-v1","action-layers/windows/storage-admin/enterprise-monitoring-observability-evidence-v1/scripts/checks/4658-error-event-correlation-guidance-plan.ps1","99eaa9351f92daf95a569f6ff035f38a1f9a0c2e652336ab8065199fe65d688e","False","False","False","safe sanitized evidence only"
"4659","STORAGE_ENTERPRISE_MONITORING_OBSERVABILITY_EVIDENCE_V1_ERROR_EVENT_CORRELATION_QUESTION_PLAN_V1","Error Event Correlation Question Plan","enterprise-monitoring-observability-evidence-v1","action-layers/windows/storage-admin/enterprise-monitoring-observability-evidence-v1/scripts/checks/4659-error-event-correlation-question-plan.ps1","c57bb11fc71798f2cb3ca37192edf295b2fb895f89a0fd13438a557b03747572","False","False","False","safe sanitized evidence only"
"4660","STORAGE_ENTERPRISE_MONITORING_OBSERVABILITY_EVIDENCE_V1_ERROR_EVENT_CORRELATION_RUNNER_SUMMARY_V1","Error Event Correlation Runner Summary","enterprise-monitoring-observability-evidence-v1","action-layers/windows/storage-admin/enterprise-monitoring-observability-evidence-v1/scripts/checks/4660-error-event-correlation-runner-summary.ps1","44af6cd979084b54a1ad76f399954f1e8f4ef41d25ce11dcc882a10e2a053e2d","False","False","False","safe sanitized evidence only"
"4661","STORAGE_ENTERPRISE_MONITORING_OBSERVABILITY_EVIDENCE_V1_ALERT_NOISE_SUPPRESSION_PRESENCE_SUMMARY_V1","Alert Noise Suppression Presence Summary","enterprise-monitoring-observability-evidence-v1","action-layers/windows/storage-admin/enterprise-monitoring-observability-evidence-v1/scripts/checks/4661-alert-noise-suppression-presence-summary.ps1","c78f51258eb603f4ba059e808a289a59fc6b9b673ce557420f2410601d250112","False","False","False","safe sanitized evidence only"
"4662","STORAGE_ENTERPRISE_MONITORING_OBSERVABILITY_EVIDENCE_V1_ALERT_NOISE_SUPPRESSION_STATUS_SUMMARY_V1","Alert Noise Suppression Status Summary","enterprise-monitoring-observability-evidence-v1","action-layers/windows/storage-admin/enterprise-monitoring-observability-evidence-v1/scripts/checks/4662-alert-noise-suppression-status-summary.ps1","fe5018ba96d6885bf67a2251bb885ee1af6b7d89253d4a0593f4c700cd5f731d","False","False","False","safe sanitized evidence only"
"4663","STORAGE_ENTERPRISE_MONITORING_OBSERVABILITY_EVIDENCE_V1_ALERT_NOISE_SUPPRESSION_CONFIGURATION_SUMMARY_V1","Alert Noise Suppression Configuration Summary","enterprise-monitoring-observability-evidence-v1","action-layers/windows/storage-admin/enterprise-monitoring-observability-evidence-v1/scripts/checks/4663-alert-noise-suppression-configuration-summary.ps1","d084351c783355f71849c9cecf5a6d0d3be2f87092c2bac8a2219e420dc71077","False","False","False","safe sanitized evidence only"
"4664","STORAGE_ENTERPRISE_MONITORING_OBSERVABILITY_EVIDENCE_V1_ALERT_NOISE_SUPPRESSION_COUNT_SUMMARY_V1","Alert Noise Suppression Count Summary","enterprise-monitoring-observability-evidence-v1","action-layers/windows/storage-admin/enterprise-monitoring-observability-evidence-v1/scripts/checks/4664-alert-noise-suppression-count-summary.ps1","184cd25503dc50c01eec89ea6aa5c082d7754bd8e4e7d785e2cb41ef897dce7c","False","False","False","safe sanitized evidence only"
"4665","STORAGE_ENTERPRISE_MONITORING_OBSERVABILITY_EVIDENCE_V1_ALERT_NOISE_SUPPRESSION_RISK_CATEGORY_SUMMARY_V1","Alert Noise Suppression Risk Category Summary","enterprise-monitoring-observability-evidence-v1","action-layers/windows/storage-admin/enterprise-monitoring-observability-evidence-v1/scripts/checks/4665-alert-noise-suppression-risk-category-summary.ps1","e5fc9c8ed108ce044ac01c62b4233ce1cf18538804d69f57f573507d01b47af1","False","False","False","safe sanitized evidence only"
"4666","STORAGE_ENTERPRISE_MONITORING_OBSERVABILITY_EVIDENCE_V1_ALERT_NOISE_SUPPRESSION_EVENT_COUNT_24H_V1","Alert Noise Suppression Event Count 24h","enterprise-monitoring-observability-evidence-v1","action-layers/windows/storage-admin/enterprise-monitoring-observability-evidence-v1/scripts/checks/4666-alert-noise-suppression-event-count-24h.ps1","f9108027c861fb80f45a516645ff392dd191352ed26de2cd271d296b6cc35070","False","False","False","safe sanitized evidence only"
"4667","STORAGE_ENTERPRISE_MONITORING_OBSERVABILITY_EVIDENCE_V1_ALERT_NOISE_SUPPRESSION_EVENT_COUNT_7D_V1","Alert Noise Suppression Event Count 7d","enterprise-monitoring-observability-evidence-v1","action-layers/windows/storage-admin/enterprise-monitoring-observability-evidence-v1/scripts/checks/4667-alert-noise-suppression-event-count-7d.ps1","f86a0aafd6b6c2120c962e8e31c3be9e014277d6b7ac6d51336368de9c6806c5","False","False","False","safe sanitized evidence only"
"4668","STORAGE_ENTERPRISE_MONITORING_OBSERVABILITY_EVIDENCE_V1_ALERT_NOISE_SUPPRESSION_GUIDANCE_PLAN_V1","Alert Noise Suppression Guidance Plan","enterprise-monitoring-observability-evidence-v1","action-layers/windows/storage-admin/enterprise-monitoring-observability-evidence-v1/scripts/checks/4668-alert-noise-suppression-guidance-plan.ps1","ec6caf3d019fe516a5810dd099a3d17489e331d877bb7d4092132c5397304742","False","False","False","safe sanitized evidence only"
"4669","STORAGE_ENTERPRISE_MONITORING_OBSERVABILITY_EVIDENCE_V1_ALERT_NOISE_SUPPRESSION_QUESTION_PLAN_V1","Alert Noise Suppression Question Plan","enterprise-monitoring-observability-evidence-v1","action-layers/windows/storage-admin/enterprise-monitoring-observability-evidence-v1/scripts/checks/4669-alert-noise-suppression-question-plan.ps1","69a6c114b5bde8b1cfba6910be931a8a183b61320145f56f1e7d4eee6d4e3d26","False","False","False","safe sanitized evidence only"
"4670","STORAGE_ENTERPRISE_MONITORING_OBSERVABILITY_EVIDENCE_V1_ALERT_NOISE_SUPPRESSION_RUNNER_SUMMARY_V1","Alert Noise Suppression Runner Summary","enterprise-monitoring-observability-evidence-v1","action-layers/windows/storage-admin/enterprise-monitoring-observability-evidence-v1/scripts/checks/4670-alert-noise-suppression-runner-summary.ps1","036f89874b998a1b6599cfb2bbc78b55157bf382a7894675fc4bc9540bdf0a29","False","False","False","safe sanitized evidence only"
"4671","STORAGE_ENTERPRISE_MONITORING_OBSERVABILITY_EVIDENCE_V1_ONCALL_ESCALATION_ROUTING_PRESENCE_SUMMARY_V1","Oncall Escalation Routing Presence Summary","enterprise-monitoring-observability-evidence-v1","action-layers/windows/storage-admin/enterprise-monitoring-observability-evidence-v1/scripts/checks/4671-oncall-escalation-routing-presence-summary.ps1","c124ca28454b02bcc3984a9493aa21120f69737390ebf5f876cde42678d002d2","False","False","False","safe sanitized evidence only"
"4672","STORAGE_ENTERPRISE_MONITORING_OBSERVABILITY_EVIDENCE_V1_ONCALL_ESCALATION_ROUTING_STATUS_SUMMARY_V1","Oncall Escalation Routing Status Summary","enterprise-monitoring-observability-evidence-v1","action-layers/windows/storage-admin/enterprise-monitoring-observability-evidence-v1/scripts/checks/4672-oncall-escalation-routing-status-summary.ps1","caee84156f711c402f3148e19df31f97855845d441dc97e6a3f017f0aa35ecc8","False","False","False","safe sanitized evidence only"
"4673","STORAGE_ENTERPRISE_MONITORING_OBSERVABILITY_EVIDENCE_V1_ONCALL_ESCALATION_ROUTING_CONFIGURATION_SUMMARY_V1","Oncall Escalation Routing Configuration Summary","enterprise-monitoring-observability-evidence-v1","action-layers/windows/storage-admin/enterprise-monitoring-observability-evidence-v1/scripts/checks/4673-oncall-escalation-routing-configuration-summary.ps1","324d45ce584b4c5db4ce13214d6ff65e9ee19275e5591e289bfd42b74c1ec1bb","False","False","False","safe sanitized evidence only"
"4674","STORAGE_ENTERPRISE_MONITORING_OBSERVABILITY_EVIDENCE_V1_ONCALL_ESCALATION_ROUTING_COUNT_SUMMARY_V1","Oncall Escalation Routing Count Summary","enterprise-monitoring-observability-evidence-v1","action-layers/windows/storage-admin/enterprise-monitoring-observability-evidence-v1/scripts/checks/4674-oncall-escalation-routing-count-summary.ps1","e72bf26005390c749320f5a4ab42cd064ddb598267352a0400cab429c9a29234","False","False","False","safe sanitized evidence only"
"4675","STORAGE_ENTERPRISE_MONITORING_OBSERVABILITY_EVIDENCE_V1_ONCALL_ESCALATION_ROUTING_RISK_CATEGORY_SUMMARY_V1","Oncall Escalation Routing Risk Category Summary","enterprise-monitoring-observability-evidence-v1","action-layers/windows/storage-admin/enterprise-monitoring-observability-evidence-v1/scripts/checks/4675-oncall-escalation-routing-risk-category-summary.ps1","54ee8120ce8b92d7042874459df741f50fb486999e3f91f29d5787bdc2b83448","False","False","False","safe sanitized evidence only"
"4676","STORAGE_ENTERPRISE_MONITORING_OBSERVABILITY_EVIDENCE_V1_ONCALL_ESCALATION_ROUTING_EVENT_COUNT_24H_V1","Oncall Escalation Routing Event Count 24h","enterprise-monitoring-observability-evidence-v1","action-layers/windows/storage-admin/enterprise-monitoring-observability-evidence-v1/scripts/checks/4676-oncall-escalation-routing-event-count-24h.ps1","3037817f2b698424880aa44c88a7bc325de6f70a2b6e360b615ba632b2bf4b86","False","False","False","safe sanitized evidence only"
"4677","STORAGE_ENTERPRISE_MONITORING_OBSERVABILITY_EVIDENCE_V1_ONCALL_ESCALATION_ROUTING_EVENT_COUNT_7D_V1","Oncall Escalation Routing Event Count 7d","enterprise-monitoring-observability-evidence-v1","action-layers/windows/storage-admin/enterprise-monitoring-observability-evidence-v1/scripts/checks/4677-oncall-escalation-routing-event-count-7d.ps1","07bf6ddfa778883f0f2769e16f1b4370c76aa0028cc4afb5b3a9782c6f05c9b0","False","False","False","safe sanitized evidence only"
"4678","STORAGE_ENTERPRISE_MONITORING_OBSERVABILITY_EVIDENCE_V1_ONCALL_ESCALATION_ROUTING_GUIDANCE_PLAN_V1","Oncall Escalation Routing Guidance Plan","enterprise-monitoring-observability-evidence-v1","action-layers/windows/storage-admin/enterprise-monitoring-observability-evidence-v1/scripts/checks/4678-oncall-escalation-routing-guidance-plan.ps1","88f2a9f3ae64b8a7c3d86a97f8202a850c31086a0c1f67c5f82be6321544b305","False","False","False","safe sanitized evidence only"
"4679","STORAGE_ENTERPRISE_MONITORING_OBSERVABILITY_EVIDENCE_V1_ONCALL_ESCALATION_ROUTING_QUESTION_PLAN_V1","Oncall Escalation Routing Question Plan","enterprise-monitoring-observability-evidence-v1","action-layers/windows/storage-admin/enterprise-monitoring-observability-evidence-v1/scripts/checks/4679-oncall-escalation-routing-question-plan.ps1","c4a37dff614a87376bae8d0d58c1811ba545b8894c941a5ff0233ae1c015458a","False","False","False","safe sanitized evidence only"
"4680","STORAGE_ENTERPRISE_MONITORING_OBSERVABILITY_EVIDENCE_V1_ONCALL_ESCALATION_ROUTING_RUNNER_SUMMARY_V1","Oncall Escalation Routing Runner Summary","enterprise-monitoring-observability-evidence-v1","action-layers/windows/storage-admin/enterprise-monitoring-observability-evidence-v1/scripts/checks/4680-oncall-escalation-routing-runner-summary.ps1","a3035c6b158c53cc572db55cfa7c86f7bfd07ae8f4b34505b706af86a7ed761a","False","False","False","safe sanitized evidence only"
"4681","STORAGE_ENTERPRISE_MONITORING_OBSERVABILITY_EVIDENCE_V1_EXECUTIVE_CAPACITY_DASHBOARD_PRESENCE_SUMMARY_V1","Executive Capacity Dashboard Presence Summary","enterprise-monitoring-observability-evidence-v1","action-layers/windows/storage-admin/enterprise-monitoring-observability-evidence-v1/scripts/checks/4681-executive-capacity-dashboard-presence-summary.ps1","07c186381a190f74d6f1555bceb1d98a4b328b6dc00bbb28e30683804464060c","False","False","False","safe sanitized evidence only"
"4682","STORAGE_ENTERPRISE_MONITORING_OBSERVABILITY_EVIDENCE_V1_EXECUTIVE_CAPACITY_DASHBOARD_STATUS_SUMMARY_V1","Executive Capacity Dashboard Status Summary","enterprise-monitoring-observability-evidence-v1","action-layers/windows/storage-admin/enterprise-monitoring-observability-evidence-v1/scripts/checks/4682-executive-capacity-dashboard-status-summary.ps1","a7a835a7e5afb5f00246a555215a0320afa69b9446b4ed4cbd22c4483b36ab31","False","False","False","safe sanitized evidence only"
"4683","STORAGE_ENTERPRISE_MONITORING_OBSERVABILITY_EVIDENCE_V1_EXECUTIVE_CAPACITY_DASHBOARD_CONFIGURATION_SUMMARY_V1","Executive Capacity Dashboard Configuration Summary","enterprise-monitoring-observability-evidence-v1","action-layers/windows/storage-admin/enterprise-monitoring-observability-evidence-v1/scripts/checks/4683-executive-capacity-dashboard-configuration-summary.ps1","240bfd77756cdc493c0f4d67bdd59a1de4d7c9c1adb33d86ffb4923b20a73548","False","False","False","safe sanitized evidence only"
"4684","STORAGE_ENTERPRISE_MONITORING_OBSERVABILITY_EVIDENCE_V1_EXECUTIVE_CAPACITY_DASHBOARD_COUNT_SUMMARY_V1","Executive Capacity Dashboard Count Summary","enterprise-monitoring-observability-evidence-v1","action-layers/windows/storage-admin/enterprise-monitoring-observability-evidence-v1/scripts/checks/4684-executive-capacity-dashboard-count-summary.ps1","8739b4f011b1d4009525d6033e97ab4eeed86c495c61c58d6c13c8c847b29369","False","False","False","safe sanitized evidence only"
"4685","STORAGE_ENTERPRISE_MONITORING_OBSERVABILITY_EVIDENCE_V1_EXECUTIVE_CAPACITY_DASHBOARD_RISK_CATEGORY_SUMMARY_V1","Executive Capacity Dashboard Risk Category Summary","enterprise-monitoring-observability-evidence-v1","action-layers/windows/storage-admin/enterprise-monitoring-observability-evidence-v1/scripts/checks/4685-executive-capacity-dashboard-risk-category-summary.ps1","f7bb0e3c074ee6cc2889928c005c426f75eff00549a2fbe022df9853a39b0020","False","False","False","safe sanitized evidence only"
"4686","STORAGE_ENTERPRISE_MONITORING_OBSERVABILITY_EVIDENCE_V1_EXECUTIVE_CAPACITY_DASHBOARD_EVENT_COUNT_24H_V1","Executive Capacity Dashboard Event Count 24h","enterprise-monitoring-observability-evidence-v1","action-layers/windows/storage-admin/enterprise-monitoring-observability-evidence-v1/scripts/checks/4686-executive-capacity-dashboard-event-count-24h.ps1","0c9e37ef1aae7bdca9e4d8f1c3259d592cbef0526a1f65d5400e1b5fe8d4e058","False","False","False","safe sanitized evidence only"
"4687","STORAGE_ENTERPRISE_MONITORING_OBSERVABILITY_EVIDENCE_V1_EXECUTIVE_CAPACITY_DASHBOARD_EVENT_COUNT_7D_V1","Executive Capacity Dashboard Event Count 7d","enterprise-monitoring-observability-evidence-v1","action-layers/windows/storage-admin/enterprise-monitoring-observability-evidence-v1/scripts/checks/4687-executive-capacity-dashboard-event-count-7d.ps1","ef2a72b0b5f5ddfaf8c4de8b8feea95cc333a63c2ce50a6b9d453dad30a96036","False","False","False","safe sanitized evidence only"
"4688","STORAGE_ENTERPRISE_MONITORING_OBSERVABILITY_EVIDENCE_V1_EXECUTIVE_CAPACITY_DASHBOARD_GUIDANCE_PLAN_V1","Executive Capacity Dashboard Guidance Plan","enterprise-monitoring-observability-evidence-v1","action-layers/windows/storage-admin/enterprise-monitoring-observability-evidence-v1/scripts/checks/4688-executive-capacity-dashboard-guidance-plan.ps1","9c4e10bb4ffccd345b09dd4d4bef1f67c44066e30de5f42e9fb299178f36876b","False","False","False","safe sanitized evidence only"
"4689","STORAGE_ENTERPRISE_MONITORING_OBSERVABILITY_EVIDENCE_V1_EXECUTIVE_CAPACITY_DASHBOARD_QUESTION_PLAN_V1","Executive Capacity Dashboard Question Plan","enterprise-monitoring-observability-evidence-v1","action-layers/windows/storage-admin/enterprise-monitoring-observability-evidence-v1/scripts/checks/4689-executive-capacity-dashboard-question-plan.ps1","fffb98877298f8b402a57c63da7f784daab617e9a552224415262ae0dee0b45f","False","False","False","safe sanitized evidence only"
"4690","STORAGE_ENTERPRISE_MONITORING_OBSERVABILITY_EVIDENCE_V1_EXECUTIVE_CAPACITY_DASHBOARD_RUNNER_SUMMARY_V1","Executive Capacity Dashboard Runner Summary","enterprise-monitoring-observability-evidence-v1","action-layers/windows/storage-admin/enterprise-monitoring-observability-evidence-v1/scripts/checks/4690-executive-capacity-dashboard-runner-summary.ps1","14ac463849954c9cc9ee9597db9836d543212a8113a71a0c56fde80566a2472b","False","False","False","safe sanitized evidence only"
"4691","STORAGE_ENTERPRISE_MONITORING_OBSERVABILITY_EVIDENCE_V1_OBSERVABILITY_EVIDENCE_BUNDLE_PRESENCE_SUMMARY_V1","Observability Evidence Bundle Presence Summary","enterprise-monitoring-observability-evidence-v1","action-layers/windows/storage-admin/enterprise-monitoring-observability-evidence-v1/scripts/checks/4691-observability-evidence-bundle-presence-summary.ps1","87489d08d936fef6e1028d0db08613f2dfc4323949ae4aadcaa19b9b8b8aead0","False","False","False","safe sanitized evidence only"
"4692","STORAGE_ENTERPRISE_MONITORING_OBSERVABILITY_EVIDENCE_V1_OBSERVABILITY_EVIDENCE_BUNDLE_STATUS_SUMMARY_V1","Observability Evidence Bundle Status Summary","enterprise-monitoring-observability-evidence-v1","action-layers/windows/storage-admin/enterprise-monitoring-observability-evidence-v1/scripts/checks/4692-observability-evidence-bundle-status-summary.ps1","82c27af15e045bfb7e191ba2a8d2eca8c86024e5f94622e2c1ffe5cd0f875d3c","False","False","False","safe sanitized evidence only"
"4693","STORAGE_ENTERPRISE_MONITORING_OBSERVABILITY_EVIDENCE_V1_OBSERVABILITY_EVIDENCE_BUNDLE_CONFIGURATION_SUMMARY_V1","Observability Evidence Bundle Configuration Summary","enterprise-monitoring-observability-evidence-v1","action-layers/windows/storage-admin/enterprise-monitoring-observability-evidence-v1/scripts/checks/4693-observability-evidence-bundle-configuration-summary.ps1","3dd1f161027c2b5b75179ffa0198f4afb1a2188cfcdcdbf290944c544724bc28","False","False","False","safe sanitized evidence only"
"4694","STORAGE_ENTERPRISE_MONITORING_OBSERVABILITY_EVIDENCE_V1_OBSERVABILITY_EVIDENCE_BUNDLE_COUNT_SUMMARY_V1","Observability Evidence Bundle Count Summary","enterprise-monitoring-observability-evidence-v1","action-layers/windows/storage-admin/enterprise-monitoring-observability-evidence-v1/scripts/checks/4694-observability-evidence-bundle-count-summary.ps1","24ab74b68f48bc4cd32b6808cfae7a1729677183e0ce70f28360294a7b2a876b","False","False","False","safe sanitized evidence only"
"4695","STORAGE_ENTERPRISE_MONITORING_OBSERVABILITY_EVIDENCE_V1_OBSERVABILITY_EVIDENCE_BUNDLE_RISK_CATEGORY_SUMMARY_V1","Observability Evidence Bundle Risk Category Summary","enterprise-monitoring-observability-evidence-v1","action-layers/windows/storage-admin/enterprise-monitoring-observability-evidence-v1/scripts/checks/4695-observability-evidence-bundle-risk-category-summary.ps1","a0f415a01109b8f26fa0062c49983c44e6f08bdcbb836f614a385d78653506b8","False","False","False","safe sanitized evidence only"
"4696","STORAGE_ENTERPRISE_MONITORING_OBSERVABILITY_EVIDENCE_V1_OBSERVABILITY_EVIDENCE_BUNDLE_EVENT_COUNT_24H_V1","Observability Evidence Bundle Event Count 24h","enterprise-monitoring-observability-evidence-v1","action-layers/windows/storage-admin/enterprise-monitoring-observability-evidence-v1/scripts/checks/4696-observability-evidence-bundle-event-count-24h.ps1","e5f4a09f02a3d2650cb4258688272500cfc68933202e7ac2a85e00729c47e96b","False","False","False","safe sanitized evidence only"
"4697","STORAGE_ENTERPRISE_MONITORING_OBSERVABILITY_EVIDENCE_V1_OBSERVABILITY_EVIDENCE_BUNDLE_EVENT_COUNT_7D_V1","Observability Evidence Bundle Event Count 7d","enterprise-monitoring-observability-evidence-v1","action-layers/windows/storage-admin/enterprise-monitoring-observability-evidence-v1/scripts/checks/4697-observability-evidence-bundle-event-count-7d.ps1","2b31bebb40bbf117fe441e5808f3d68426e2d6e889d6c1467a7b1312444860d4","False","False","False","safe sanitized evidence only"
"4698","STORAGE_ENTERPRISE_MONITORING_OBSERVABILITY_EVIDENCE_V1_OBSERVABILITY_EVIDENCE_BUNDLE_GUIDANCE_PLAN_V1","Observability Evidence Bundle Guidance Plan","enterprise-monitoring-observability-evidence-v1","action-layers/windows/storage-admin/enterprise-monitoring-observability-evidence-v1/scripts/checks/4698-observability-evidence-bundle-guidance-plan.ps1","ff2c86bcf843a474626ae08990d95e2744af49d5fc9b1621620ff1509822e85a","False","False","False","safe sanitized evidence only"
"4699","STORAGE_ENTERPRISE_MONITORING_OBSERVABILITY_EVIDENCE_V1_OBSERVABILITY_EVIDENCE_BUNDLE_QUESTION_PLAN_V1","Observability Evidence Bundle Question Plan","enterprise-monitoring-observability-evidence-v1","action-layers/windows/storage-admin/enterprise-monitoring-observability-evidence-v1/scripts/checks/4699-observability-evidence-bundle-question-plan.ps1","4cd121a38a491d08d39ab712ce3d684f86c1d1c7efc905b68102897ed2ac6a77","False","False","False","safe sanitized evidence only"
"4700","STORAGE_ENTERPRISE_MONITORING_OBSERVABILITY_EVIDENCE_V1_OBSERVABILITY_EVIDENCE_BUNDLE_RUNNER_SUMMARY_V1","Observability Evidence Bundle Runner Summary","enterprise-monitoring-observability-evidence-v1","action-layers/windows/storage-admin/enterprise-monitoring-observability-evidence-v1/scripts/checks/4700-observability-evidence-bundle-runner-summary.ps1","e3dabaadc21312e456c0928f7abb1d62fa7b433b8328a87d86cf9e2a390584d4","False","False","False","safe sanitized evidence only"
